city,tier,variable,lead_day,lead_hours_mid,n,mae,rmse,bias,sd,err_ar1,actual_sd
accra,scarce,temperature_2m,1,36,768,1.0032552083333333,1.258838543724598,0.9350260416666666,0.8428527632818389,0.847549404080646,2.02464088636056
accra,scarce,temperature_2m,2,60,744,1.0236559139784946,1.3229264562333578,0.8776881720430108,0.9898474030162168,0.8938051639828495,2.019351618053703
accra,scarce,temperature_2m,3,84,720,0.944861111111111,1.2039575943067466,0.8923611111111112,0.8082113190653989,0.8363348130653487,2.0257284164675062
amsterdam,rich,relative_humidity_2m,1,36,12024,4.170409181636726,5.951826178880405,0.21665003326679974,5.947881776455516,0.4068015701371775,16.19865836174364
amsterdam,rich,relative_humidity_2m,2,60,12024,10.353709248170325,12.686168541190403,8.813622754491018,9.124632934918926,0.817853093106487,16.19865836174364
amsterdam,rich,relative_humidity_2m,3,84,12024,10.724301397205588,13.194313302566405,8.828592814371257,9.805399147628462,0.8325571006233131,16.19865836174364
amsterdam,rich,surface_pressure,1,36,12024,0.7268296739853625,2.3054622863882956,-0.010179640718562429,2.305439812459564,0.9875089844161755,9.42924534599867
amsterdam,rich,surface_pressure,2,60,12024,0.8987192282102462,2.405066107346169,-0.09911842980705277,2.403022787569406,0.9894440510121064,9.42924534599867
amsterdam,rich,surface_pressure,3,84,12024,1.3730622089155033,2.7648138771202,-0.03961244178309961,2.7645300919997986,0.9826474544020033,9.42924534599867
amsterdam,rich,wind_speed_10m,1,36,12024,2.818770791749834,3.7267454840464955,1.381279108449767,3.461314768613389,0.43448430913308517,5.954667144260547
amsterdam,rich,wind_speed_10m,2,60,12024,3.419710578842315,4.3158136550354,-1.713656021290752,3.961013828009689,0.6894221489530449,5.954667144260547
amsterdam,rich,wind_speed_10m,3,84,12024,3.7360279441117763,4.768886882959349,-1.7397205588822358,4.440231354272457,0.7424963107587546,5.954667144260547
amsterdam,rich,wind_direction_10m,1,36,12024,17.461743180306055,28.615409310951097,3.041583499667332,28.453302441857574,0.27867506150207333,98.21858237875526
amsterdam,rich,wind_direction_10m,2,60,12024,20.4270625415835,32.4098511735832,0.0270292747837658,32.40983990259929,0.5066364026555655,98.21858237875526
amsterdam,rich,wind_direction_10m,3,84,12024,23.893962075848304,36.99908177997859,-0.7018463073852296,36.99242441801231,0.5588525117922821,98.21858237875526
amsterdam,rich,precipitation,1,36,12024,0.1115851630073187,0.5700140360821583,-0.004016966067864273,0.5699998818546207,0.10802139932184397,0.5623637018745774
amsterdam,rich,precipitation,2,60,12024,0.12223885562208917,0.5637797779782624,-0.003892215568862276,0.5637663423043136,0.20134116705888289,0.5623637018745774
amsterdam,rich,precipitation,3,84,12024,0.13631736526946106,0.5911024832536088,0.0015785096473719196,0.5911003755842793,0.3066092436790794,0.5623637018745774
amsterdam,rich,cloud_cover,1,36,12024,23.77420159680639,41.65883060047815,3.75374251497006,41.48936712135582,0.3039243716965549,43.78528458795842
amsterdam,rich,cloud_cover,2,60,12024,28.104208250166334,41.758339273358665,-7.823769128409847,41.01886804257609,0.5019400600372829,43.78528458795842
amsterdam,rich,cloud_cover,3,84,12024,31.300399201596807,45.27765491495194,-8.721889554224884,44.429659881675605,0.5601392325921554,43.78528458795842
amsterdam,rich,shortwave_radiation,1,36,12024,34.69018629407851,84.47300599904663,-12.530871590153028,83.53841032546684,0.37368410287868314,233.76039143475325
amsterdam,rich,shortwave_radiation,2,60,12024,35.311127744510976,79.65694545203932,3.8244344644045243,79.5650844263779,0.5881299925262852,233.76039143475325
amsterdam,rich,shortwave_radiation,3,84,12024,40.42440119760479,89.46446762857236,2.4400365934797072,89.43118689521208,0.6632549243122096,233.76039143475325
amsterdam,rich,temperature_2m,1,36,12024,0.6084996673320027,0.8587142828443454,-0.059081836327345295,0.8566793777003546,0.5235833675884037,6.5216546538731075
amsterdam,rich,temperature_2m,2,60,12024,1.6931886227544912,2.0549813308461986,-1.5114354624085162,1.3923042458817572,0.8610837149787895,6.5216546538731075
amsterdam,rich,temperature_2m,3,84,12024,1.7885811709913508,2.1762243133791106,-1.5347388556220891,1.542896272335306,0.8712880035194674,6.5216546538731075
bangkok,rich,relative_humidity_2m,1,36,11100,7.2611711711711715,9.223994366437571,-0.09,9.223555283732626,0.9200043725593376,17.71283477234599
bangkok,rich,relative_humidity_2m,2,60,11076,7.36303719754424,9.387619110322444,-0.39662332972192127,9.37923677570896,0.9203575246388566,17.715899710536835
bangkok,rich,relative_humidity_2m,3,84,11052,7.073561346362649,9.04042976023422,-0.41865725660513936,9.03073066541243,0.9122920319288524,17.710575451562963
bangkok,rich,surface_pressure,1,36,11100,0.4335855855855862,0.5536252350651127,0.11918918918918923,0.5406429857875944,0.8017981881341448,3.16258292176416
bangkok,rich,surface_pressure,2,60,11076,0.482674250631998,0.6083957259346099,0.032349223546407464,0.6075350912263797,0.8509415662689369,3.164878688329254
bangkok,rich,surface_pressure,3,84,11052,0.5398932319942097,0.6818168602406612,0.01995114006514684,0.6815248953035643,0.8794569922425374,3.1659079879446437
bangkok,rich,wind_speed_10m,1,36,11100,3.2478108108108104,4.061786208948867,-2.529396396396396,3.1780907911990384,0.7541099558181938,4.323558429500418
bangkok,rich,wind_speed_10m,2,60,11076,3.2751354279523297,4.1107386958424605,-2.543499458288191,3.2293626509242115,0.7602308147860793,4.323947641473947
bangkok,rich,wind_speed_10m,3,84,11052,3.260930148389432,4.093191251552743,-2.462576909156714,3.2695457770577363,0.7647152330084627,4.326171313354793
bangkok,rich,wind_direction_10m,1,36,11100,30.954954954954953,47.41673593623718,-4.42018018018018,47.210262168532694,0.47092677784923154,88.58357734192954
bangkok,rich,wind_direction_10m,2,60,11076,33.352383531960996,50.01721173600853,-6.044149512459372,49.650676999571175,0.47602938768656805,88.5862210904119
bangkok,rich,wind_direction_10m,3,84,11052,34.53791169019182,51.71788029527795,-6.079171190734709,51.359349877801606,0.48995488940864307,88.64853572530382
bangkok,rich,precipitation,1,36,11100,0.20464864864864868,0.8348285684730361,-0.0787027027027027,0.831110476005464,0.26540481386268644,0.8147228117357863
bangkok,rich,precipitation,2,60,11076,0.20238353196099673,0.8429138698483167,-0.0842361863488624,0.8386942570997282,0.27993649087379563,0.8155692023004613
bangkok,rich,precipitation,3,84,11052,0.206804198335143,0.842579540638061,-0.07971407889974665,0.8388003027699805,0.261175052930512,0.8164182298846189
bangkok,rich,cloud_cover,1,36,11100,24.692252252252253,37.184727563395754,-0.161981981981982,37.1843747534025,0.6964909753119211,38.512287996833884
bangkok,rich,cloud_cover,2,60,11076,26.34714698447093,39.07398345110786,-3.7871975442397976,38.89001565309989,0.7326003237598364,38.482930016050105
bangkok,rich,cloud_cover,3,84,11052,27.305917480998914,40.15704445457632,-5.397846543612016,39.79260574552054,0.7542414645245176,38.46031063394236
bangkok,rich,shortwave_radiation,1,36,11100,33.9927027027027,73.53370312649497,-0.8179279279279279,73.52915400982259,0.6500955535094042,301.52947232801665
bangkok,rich,shortwave_radiation,2,60,11076,34.55498374864572,74.57547663555849,3.103918382087396,74.51085428377579,0.6604068727261182,301.60437776807555
bangkok,rich,shortwave_radiation,3,84,11052,35.380926529134996,76.49915372847362,4.832790445168295,76.34634672127886,0.6700732534799101,301.6267829957913
bangkok,rich,temperature_2m,1,36,17964,1.3966098864395458,1.772347372326928,0.5750779336450678,1.6764547648024044,0.9103358076539971,3.0174503924321616
bangkok,rich,temperature_2m,2,60,17940,1.4529041248606465,1.8329851194596576,0.6101059085841695,1.7284690418029536,0.913233410251005,3.0174555386257906
bangkok,rich,temperature_2m,3,84,17916,1.4699095780308105,1.8587052236121517,0.6162592096450101,1.7535705559830794,0.9126731797802152,3.0166706206911393
berlin,rich,relative_humidity_2m,1,36,20184,4.661712247324614,6.374198013639272,0.06133571145461752,6.37390290540915,0.7595214992104383,18.753420279575312
berlin,rich,relative_humidity_2m,2,60,20184,6.311682520808561,8.49180377024192,0.9877625842251289,8.434160085598316,0.8534451051911012,18.753420279575312
berlin,rich,relative_humidity_2m,3,84,20184,7.287950852160127,9.830363592214317,1.106916369401506,9.767844414520727,0.8703749161049257,18.753420279575312
berlin,rich,surface_pressure,1,36,20184,0.5285225921521995,0.6952221434730539,0.2203676179151802,0.6593723847338897,0.7705047837765756,9.047362514237724
berlin,rich,surface_pressure,2,60,20184,0.8394322235434004,1.1615071205643464,0.052620887831945504,1.1603145406679418,0.8970300290909222,9.047362514237724
berlin,rich,surface_pressure,3,84,20184,1.3429746333729686,1.8625978388994362,0.09105231866825175,1.8603709804063235,0.9356109848924005,9.047362514237724
berlin,rich,wind_speed_10m,1,36,20184,1.5234294490685691,2.1555743303395287,-0.004919738406658729,2.1555687160915835,0.4624624766739881,4.558834989897518
berlin,rich,wind_speed_10m,2,60,20184,2.1996779627427667,2.909377648165202,-1.3660671819262782,2.5687231758418965,0.6822668389225798,4.558834989897518
berlin,rich,wind_speed_10m,3,84,20184,2.522473246135553,3.2835529802936883,-1.3484145858105432,2.9939101989152817,0.7512069208630747,4.558834989897518
berlin,rich,wind_direction_10m,1,36,20184,15.945650019817677,27.627961395872035,1.295332936979786,27.597578942258156,0.369797813992186,91.66598278617586
berlin,rich,wind_direction_10m,2,60,20184,21.212247324613557,35.34036417009579,-1.076298057867618,35.323970928614756,0.504888861473589,91.66598278617586
berlin,rich,wind_direction_10m,3,84,20184,27.290675782798257,43.3052042532783,-1.1527447483154973,43.289859031456594,0.5768688716353534,91.66598278617586
berlin,rich,precipitation,1,36,20184,0.07789833531510108,0.5501058342305944,0.005563812921125643,0.5500776970940714,0.3053379162262872,0.4366121912828214
berlin,rich,precipitation,2,60,20184,0.08400713436385256,0.45932018214587095,-0.0004062623860483549,0.4593200024790884,0.36560377952763246,0.4366121912828214
berlin,rich,precipitation,3,84,20184,0.09861276258422512,0.5507660503081299,0.0036761791518034083,0.5507537815384124,0.4601812231170366,0.4366121912828214
berlin,rich,cloud_cover,1,36,20184,16.51223741577487,29.83478502591577,-1.4066091954022988,29.801608146440984,0.3556695415988501,39.71506799097546
berlin,rich,cloud_cover,2,60,20184,19.65031708283789,32.52193838652555,-0.9205311137534681,32.508907992819076,0.5288383434777448,39.71506799097546
berlin,rich,cloud_cover,3,84,20184,21.63530519223147,34.98862492805234,-0.5543499801823226,34.9842331694636,0.5747851175631841,39.71506799097546
berlin,rich,shortwave_radiation,1,36,20184,21.393911018628618,51.81294908538877,1.4930291319857312,51.7914332388681,0.46501477496973004,206.1946272760022
berlin,rich,shortwave_radiation,2,60,20184,27.544555093143085,64.10759830336745,1.2424346016646848,64.095557696977,0.6350668104347751,206.1946272760022
berlin,rich,shortwave_radiation,3,84,20184,30.776902497027347,71.21250951966785,1.23508719778042,71.20179823363074,0.6776129825537405,206.1946272760022
berlin,rich,temperature_2m,1,36,20184,0.6820204122076893,0.9404665378201467,-0.0890755053507729,0.9362386784927859,0.8252652961664718,8.250273048662933
berlin,rich,temperature_2m,2,60,20184,0.9940001981767738,1.323348775556821,-0.24695303210463734,1.3001023735468153,0.8950483417464685,8.250273048662933
berlin,rich,temperature_2m,3,84,20184,1.2081351565596512,1.622489829285704,-0.22215616329766152,1.6072087248532518,0.9111972702140622,8.250273048662933
dhaka,scarce,relative_humidity_2m,1,36,3060,7.205555555555556,9.327536715364383,-1.0173202614379084,9.271893046306051,0.8302790130813787,19.54994186272257
dhaka,scarce,relative_humidity_2m,2,60,3036,7.767127799736495,10.23065673776139,-1.501646903820817,10.119851474312647,0.8511976749815353,19.546648636365553
dhaka,scarce,relative_humidity_2m,3,84,3012,8.085325365205843,10.467825237643362,-1.4286188579017265,10.36988010367964,0.8569683592656011,19.545788073395336
dhaka,scarce,surface_pressure,1,36,3060,0.5421895424836615,0.712316941281479,0.054477124183007444,0.7102307144705523,0.7993942361849894,5.3601551200159
dhaka,scarce,surface_pressure,2,60,3036,0.565777338603426,0.7421903452375948,-0.08073122529644278,0.737786539471977,0.8340085625215176,5.357495466261571
dhaka,scarce,surface_pressure,3,84,3012,0.6466135458167341,0.8461654778683982,-0.1770916334661342,0.8274264736473878,0.8485812970562862,5.358452877404523
dhaka,scarce,wind_speed_10m,1,36,3060,3.903300653594771,4.690906583504238,-3.442581699346405,3.1864142572001866,0.5987902431942953,4.045170430868407
dhaka,scarce,wind_speed_10m,2,60,3036,3.845586297760211,4.683642659714751,-3.337747035573123,3.285719600091082,0.6085901520083306,4.059548609595241
dhaka,scarce,wind_speed_10m,3,84,3012,3.7865869853917666,4.596282203364094,-3.1743691899070385,3.3240322409884078,0.6056251379137343,4.067483286490222
dhaka,scarce,wind_direction_10m,1,36,3060,40.27418300653595,57.844339801391314,1.4892156862745098,57.82516652547208,0.3726555583731002,95.64223550389936
dhaka,scarce,wind_direction_10m,2,60,3036,42.29973649538867,60.170218582086555,-0.42555994729907776,60.16871365541504,0.4746548026017129,95.43152862220582
dhaka,scarce,wind_direction_10m,3,84,3012,42.54448871181939,59.97893056360529,-2.4760956175298805,59.92779874187466,0.3874391619306283,95.19727548692934
dhaka,scarce,precipitation,1,36,3060,0.09921568627450982,0.576296492318688,0.01549019607843137,0.5760882752532595,0.3155137207349009,0.43724046206507494
dhaka,scarce,precipitation,2,60,3036,0.11781949934123846,0.6433172224869727,0.024999999999999998,0.6428312754901967,0.25850389276028274,0.43894193674500276
dhaka,scarce,precipitation,3,84,3012,0.16201859229747675,1.476192205065052,0.06905710491367861,1.4745760551954457,0.2640034852402583,0.44066342549718723
dhaka,scarce,cloud_cover,1,36,3060,30.626470588235293,42.74999904445208,16.485294117647058,39.44359892498813,0.6342170433659167,39.27491928560041
dhaka,scarce,cloud_cover,2,60,3036,31.213109354413703,43.29258624424527,14.44828722002635,40.81047684263244,0.6589202096814176,39.2954265082809
dhaka,scarce,cloud_cover,3,84,3012,31.395086321381143,43.5601353506422,15.586985391766268,40.675929960642975,0.6611336537912927,39.2214062627392
dhaka,scarce,shortwave_radiation,1,36,3060,35.855228758169936,71.17278754042523,12.162418300653595,70.12589583994229,0.6752428101756393,290.6158391770926
dhaka,scarce,shortwave_radiation,2,60,3036,37.401185770750985,76.3115191687288,16.37878787878788,74.53310181027577,0.7197449641260674,290.9464844843916
dhaka,scarce,shortwave_radiation,3,84,3012,40.76460823373174,85.29200487512021,12.75730411686587,84.33253990772084,0.7478267130090117,291.3537074357935
dhaka,scarce,temperature_2m,1,36,9012,1.7385707944962272,2.262157566908924,1.3024411895250776,1.8495955788636074,0.8577841055863623,5.286684600014105
dhaka,scarce,temperature_2m,2,60,8988,1.7523475745438364,2.3235355198428786,1.2755785491766802,1.9420908003622883,0.8677738710296895,5.268342116902458
dhaka,scarce,temperature_2m,3,84,8964,1.8384315037929497,2.4036398195179607,1.3208500669344043,2.008193088986145,0.8710711436111771,5.24430791006498
lagos,scarce,temperature_2m,1,36,3408,1.4240610328638499,1.7341333022173222,1.2160211267605634,1.2363296199360123,0.843684473508426,1.6666979308381547
lagos,scarce,temperature_2m,2,60,3408,1.313468309859155,1.6488303223573015,1.0556044600938967,1.2666256967844745,0.8451872758617228,1.6666979308381547
lagos,scarce,temperature_2m,3,84,3408,1.3227699530516432,1.6692187034095343,1.0550469483568075,1.2935095734377828,0.8599340462259367,1.6666979308381547
lahore,scarce,relative_humidity_2m,1,36,5592,7.071351931330472,9.34357513376976,-2.706902718168813,8.942878393155688,0.8760070423110274,15.867849736579892
lahore,scarce,relative_humidity_2m,2,60,5592,8.25035765379113,10.722854738077244,-2.76931330472103,10.359078991599622,0.9018117886553072,15.867849736579892
lahore,scarce,relative_humidity_2m,3,84,5592,8.896459227467812,11.355462595518777,-3.3327968526466383,10.855367147048261,0.9118492508925571,15.867849736579892
lahore,scarce,surface_pressure,1,36,5592,0.643437052932761,0.8039434726995035,0.33961015736766775,0.7286906396467882,0.8672932966218346,7.032287549371854
lahore,scarce,surface_pressure,2,60,5592,0.7574928469241783,0.9496451035011555,0.5027360515021458,0.8056564311936895,0.901964240843751,7.032287549371854
lahore,scarce,surface_pressure,3,84,5592,0.9058476394849788,1.1779849007195804,0.7140379113018589,0.936908900345705,0.9256559460995476,7.032287549371854
lahore,scarce,wind_speed_10m,1,36,5592,2.5560622317596566,3.41151667067267,-1.2623569384835478,3.1693691729017597,0.7422212215388221,3.5025597692845425
lahore,scarce,wind_speed_10m,2,60,5592,2.6012339055793987,3.4453953742193972,-1.2616773962804004,3.206075394061644,0.7511121329010444,3.5025597692845425
lahore,scarce,wind_speed_10m,3,84,5592,2.656294706723891,3.523125624085824,-1.3829041487839773,3.2403688491229192,0.7554831134017833,3.5025597692845425
lahore,scarce,wind_direction_10m,1,36,5592,39.761802575107296,56.395106906323704,-3.353719599427754,56.29529862985091,0.4797565101208135,105.11425184853434
lahore,scarce,wind_direction_10m,2,60,5592,42.66058655221745,59.96239582215236,-4.001788268955651,59.828710527496106,0.47781561245115,105.11425184853434
lahore,scarce,wind_direction_10m,3,84,5592,44.5076895565093,62.09352370976605,-4.6435979971387695,61.91964699783299,0.4965582497844169,105.11425184853434
lahore,scarce,precipitation,1,36,5592,0.15202074391988554,0.8588937640093083,-0.00892346208869814,0.8588474076798678,0.29601073581671994,0.8232084249893663
lahore,scarce,precipitation,2,60,5592,0.15110872675250359,0.83109283932799,-0.013054363376251793,0.830990307512128,0.3601960700314883,0.8232084249893663
lahore,scarce,precipitation,3,84,5592,0.15423819742489273,0.8351807133994024,-0.012857653791130188,0.8350817353848198,0.35318219492526265,0.8232084249893663
lahore,scarce,cloud_cover,1,36,5592,24.071530758226036,38.22212206516693,16.11087267525036,34.660790481556994,0.735052293981202,37.01934089774254
lahore,scarce,cloud_cover,2,60,5592,25.266094420600858,39.84439063343708,16.022174535050073,36.48102778319604,0.7686580255052279,37.01934089774254
lahore,scarce,cloud_cover,3,84,5592,25.771816881258943,40.87102870156884,15.15307582260372,37.95820438638907,0.7928479057017767,37.01934089774254
lahore,scarce,shortwave_radiation,1,36,5592,29.709406294706724,61.34447547219319,10.561695278969957,60.42843092280898,0.7671113814067101,238.80415409177647
lahore,scarce,shortwave_radiation,2,60,5592,32.74195278969957,67.6882937770573,10.636802575107296,66.84731516992589,0.8207430777430041,238.80415409177647
lahore,scarce,shortwave_radiation,3,84,5592,33.04113018597997,66.10442274707412,10.797210300429185,65.21667698106211,0.8139548576372203,238.80415409177647
lahore,scarce,temperature_2m,1,36,5592,1.1456187410586554,1.4960385218774763,0.529774678111588,1.399096154441541,0.8657507562502817,8.118384291297597
lahore,scarce,temperature_2m,2,60,5592,1.251055078683834,1.6557865541846262,0.333744635193133,1.6218025870920298,0.8979721671663321,8.118384291297597
lahore,scarce,temperature_2m,3,84,5592,1.281634477825465,1.691676268674695,0.24472460658082967,1.673881257715432,0.9038800424289468,8.118384291297597
lima,scarce,temperature_2m,1,36,5472,2.3722404970760236,2.5168964836394694,2.3698647660818715,0.8476490428475941,0.8794807784191083,2.1575732388219784
lima,scarce,temperature_2m,2,60,5472,2.356048976608187,2.4959869106016437,2.3545504385964913,0.8282770611334155,0.8777740897152583,2.1575732388219784
lima,scarce,temperature_2m,3,84,5472,2.419407894736842,2.5672177011594086,2.4183845029239763,0.8614076393690442,0.8837445064351737,2.1575732388219784
los_angeles,rich,relative_humidity_2m,1,36,8280,8.845531400966184,12.421419671948398,2.1820048309178746,12.228267317347855,0.7930728606305669,22.586223792229042
los_angeles,rich,relative_humidity_2m,2,60,8280,19.060265700483093,22.714854468531602,-18.230555555555554,13.550330537015418,0.8652670946578153,22.586223792229042
los_angeles,rich,relative_humidity_2m,3,84,8280,19.669082125603865,23.54084229671163,-18.63623188405797,14.382702013261223,0.8775117427228913,22.586223792229042
los_angeles,rich,surface_pressure,1,36,8280,0.7264130434782611,0.8931509385505993,0.5345772946859902,0.7155038190254644,0.8568609715126784,3.598909203416086
los_angeles,rich,surface_pressure,2,60,8280,0.6006642512077299,0.7675679956976603,-0.3221859903381644,0.6966755454651323,0.9015254761251497,3.598909203416086
los_angeles,rich,surface_pressure,3,84,8280,0.7537077294685984,0.9761485245745061,-0.41682367149758426,0.8826799923575129,0.9232236730305444,3.598909203416086
los_angeles,rich,wind_speed_10m,1,36,8280,2.4143961352657,3.3464802332735846,0.27741545893719805,3.334961861076298,0.4841783677841526,4.373386288777443
los_angeles,rich,wind_speed_10m,2,60,8280,3.703756038647344,4.702659464457037,1.6845531400966185,4.390590707050472,0.7261707009095374,4.373386288777443
los_angeles,rich,wind_speed_10m,3,84,8280,3.7429347826086956,4.765829585970534,1.6948913043478262,4.454264822499691,0.7243633084415598,4.373386288777443
los_angeles,rich,wind_direction_10m,1,36,8280,38.75169082125604,57.26331670112661,-1.8304347826086957,57.23405409474453,0.21811913614178388,90.29878748233203
los_angeles,rich,wind_direction_10m,2,60,8280,51.726328502415456,68.10981648374393,-11.028502415458938,67.21100531848555,0.36046217120134544,90.29878748233203
los_angeles,rich,wind_direction_10m,3,84,8280,52.633574879227055,68.86438398506526,-11.463285024154588,67.90358221844784,0.3542083130547636,90.29878748233203
los_angeles,rich,precipitation,1,36,8280,0.030012077294685992,0.48182297749537856,0.01298309178743961,0.4816480260212337,0.0711899760520192,0.3808711851707106
los_angeles,rich,precipitation,2,60,8280,0.017995169082125603,0.31696019957707944,-0.00248792270531401,0.316950435173316,-0.06280591974024823,0.3808711851707106
los_angeles,rich,precipitation,3,84,8280,0.025446859903381646,0.4007827486234941,0.0058333333333333345,0.40074029472518125,0.1286283784222742,0.3808711851707106
los_angeles,rich,cloud_cover,1,36,8280,24.379830917874397,40.5493928545122,6.575,40.01278090647494,0.6280218196496671,42.50224541555916
los_angeles,rich,cloud_cover,2,60,8280,35.32306763285024,52.114282398894176,-13.26268115942029,50.39840987982904,0.7465652399544603,42.50224541555916
los_angeles,rich,cloud_cover,3,84,8280,36.506159420289855,53.292553476434655,-14.410265700483091,51.30731427857171,0.7518052960945122,42.50224541555916
los_angeles,rich,shortwave_radiation,1,36,8280,28.181642512077296,81.21849519261396,9.783333333333333,80.62710679567725,0.5525394905424454,302.2262455532841
los_angeles,rich,shortwave_radiation,2,60,8280,40.52101449275362,102.9527282358643,26.81570048309179,99.39910693164623,0.7207486864812576,302.2262455532841
los_angeles,rich,shortwave_radiation,3,84,8280,41.3048309178744,104.37902412040698,26.422463768115943,100.97937455119785,0.7480800338826827,302.2262455532841
los_angeles,rich,temperature_2m,1,36,8280,1.2780072463768115,1.6142335642650973,-0.7528381642512078,1.427930214837851,0.771864344579357,5.380218137320873
los_angeles,rich,temperature_2m,2,60,8280,2.6253260869565214,3.250731430142742,2.219601449275362,2.3749998394300125,0.9125071229482905,5.380218137320873
los_angeles,rich,temperature_2m,3,84,8280,2.7146135265700484,3.3620764374140117,2.279444444444444,2.4713743131516623,0.9169599506564904,5.380218137320873
madrid,rich,relative_humidity_2m,1,36,6696,4.107228195937873,5.886293131838636,1.25,5.752038493780332,0.79195141134811,23.632013637749836
madrid,rich,relative_humidity_2m,2,60,6696,5.028972520908005,7.051144445608212,1.3829151732377538,6.914201589226361,0.8170323031734525,23.632013637749836
madrid,rich,relative_humidity_2m,3,84,6696,6.247610513739546,8.627253917401331,1.4133811230585425,8.510691156204553,0.853365595278267,23.632013637749836
madrid,rich,surface_pressure,1,36,6696,0.3715949820788537,0.4952311408980392,0.04077060931899715,0.4935500383253265,0.7748595829689683,4.712579230283868
madrid,rich,surface_pressure,2,60,6696,0.5264784946236558,0.691114237220511,0.023372162485067342,0.6907189232311942,0.8644725797266444,4.712579230283868
madrid,rich,surface_pressure,3,84,6696,0.7578554360812426,1.0286647340149138,-0.04354838709677306,1.0277425129803879,0.9107221881708112,4.712579230283868
madrid,rich,wind_speed_10m,1,36,6696,1.3255824372759857,1.9279731187118527,0.2291069295101553,1.91431198118957,0.5636993096779808,3.7484894026545676
madrid,rich,wind_speed_10m,2,60,6696,1.6412485065710871,2.348704490512055,0.27529868578255673,2.332514398103019,0.6518050131976802,3.7484894026545676
madrid,rich,wind_speed_10m,3,84,6696,1.8836469534050182,2.6769701819106446,0.22077359617682202,2.667850890524031,0.691295105917314,3.7484894026545676
madrid,rich,wind_direction_10m,1,36,6696,20.64426523297491,35.62108516711242,1.1771206690561529,35.60163051621593,0.31151819514884144,104.73410527400536
madrid,rich,wind_direction_10m,2,60,6696,25.64068100358423,42.75809257072558,1.10752688172043,42.743746495750756,0.38329528736351565,104.73410527400536
madrid,rich,wind_direction_10m,3,84,6696,30.655465949820787,48.528983875470374,0.8340800477897252,48.52181557258077,0.42396829791094887,104.73410527400536
madrid,rich,precipitation,1,36,6696,0.04214456391875747,0.20649547771755603,-0.0020609318996415763,0.20648519287713274,0.4015584742251976,0.2163542042647426
madrid,rich,precipitation,2,60,6696,0.051433691756272396,0.2843855645824719,0.007616487455197133,0.284283552921614,0.44366776196774105,0.2163542042647426
madrid,rich,precipitation,3,84,6696,0.05216547192353645,0.23522339974952575,0.000224014336917563,0.23522329307979273,0.4982316158191857,0.2163542042647426
madrid,rich,cloud_cover,1,36,6696,16.548536439665472,26.957484004392413,1.2579151732377538,26.928119007164447,0.5035775954023389,39.341558062940415
madrid,rich,cloud_cover,2,60,6696,19.97804659498208,31.31167510067952,1.0655615292712066,31.293538889647028,0.5889018469361321,39.341558062940415
madrid,rich,cloud_cover,3,84,6696,22.566308243727597,34.4909992934108,2.106332138590203,34.42662337755486,0.645898601493394,39.341558062940415
madrid,rich,shortwave_radiation,1,36,6696,15.746863799283155,39.47804427386654,-2.095131421744325,39.422409921451866,0.6223930552506521,292.0405830553433
madrid,rich,shortwave_radiation,2,60,6696,19.24611708482676,48.16752240933473,-1.3930704898446833,48.1473734451225,0.6842896773394995,292.0405830553433
madrid,rich,shortwave_radiation,3,84,6696,21.78942652329749,51.65583479934483,-2.120071684587814,51.612310206668845,0.7012255049845578,292.0405830553433
madrid,rich,temperature_2m,1,36,6696,0.5421744324970131,0.7527190853866907,-0.054629629629629625,0.7507340574876736,0.8277331244113336,9.477884827188971
madrid,rich,temperature_2m,2,60,6696,0.7130675029868578,0.9845513688220957,-0.02940561529271208,0.9841121418002723,0.8615517905012979,9.477884827188971
madrid,rich,temperature_2m,3,84,6696,0.8749253285543608,1.17708291702343,-0.023879928315412177,1.1768406615052174,0.8853793405126319,9.477884827188971
manila,scarce,relative_humidity_2m,1,36,11040,6.304981884057971,8.16379533965827,0.9095108695652174,8.112973827516566,0.9057954271159523,13.868730344240438
manila,scarce,relative_humidity_2m,2,60,11040,6.667481884057971,8.563927337925945,1.1365036231884058,8.48818066276602,0.910393825982876,13.868730344240438
manila,scarce,relative_humidity_2m,3,84,11040,6.90036231884058,8.820944278874824,1.0583333333333333,8.757224932966496,0.9135140020045627,13.868730344240438
manila,scarce,surface_pressure,1,36,11040,0.4091757246376814,0.5242290751078251,-0.09874094202898526,0.5148459474013896,0.7934270507795965,2.8759800814182332
manila,scarce,surface_pressure,2,60,11040,0.49841485507246375,0.6533504785535,-0.14024456521739115,0.6381209209492136,0.86510162754521,2.8759800814182332
manila,scarce,surface_pressure,3,84,11040,0.5672101449275361,0.772714019881702,-0.06606884057970977,0.7698843191195623,0.902909751608092,2.8759800814182332
manila,scarce,wind_speed_10m,1,36,11040,3.449248188405797,4.6902059339541315,-0.2640851449275362,4.682765287640109,0.8252855197397977,5.4169607646321225
manila,scarce,wind_speed_10m,2,60,11040,3.462400362318841,4.663676222230388,-0.3928532608695652,4.647100410064458,0.8228196837524008,5.4169607646321225
manila,scarce,wind_speed_10m,3,84,11040,3.5294293478260865,4.6952742777689,-0.5528170289855073,4.662616634030928,0.8140765795120348,5.4169607646321225
manila,scarce,wind_direction_10m,1,36,11040,52.45742753623188,71.66512173933037,-1.656340579710145,71.64597832256217,0.39514014627632316,107.43276739190411
manila,scarce,wind_direction_10m,2,60,11040,54.97617753623189,73.77978948842645,-4.473460144927536,73.64404586447071,0.3921500968954437,107.43276739190411
manila,scarce,wind_direction_10m,3,84,11040,56.84130434782609,75.80484812991844,-3.818840579710145,75.70859565879398,0.384976936644272,107.43276739190411
manila,scarce,precipitation,1,36,11040,0.3367572463768116,0.9583434151958657,0.0054528985507246415,0.958327901788668,0.3914075802449392,0.8214096016338436
manila,scarce,precipitation,2,60,11040,0.3345652173913044,0.9660767815376203,-0.004637681159420297,0.9660656498083091,0.38101464727829765,0.8214096016338436
manila,scarce,precipitation,3,84,11040,0.3326086956521739,0.9507481798295884,-0.017409420289855072,0.95058877204312,0.3982650323374692,0.8214096016338436
manila,scarce,cloud_cover,1,36,11040,19.924909420289854,31.85356980654272,-4.4808876811594205,31.536828550269977,0.6501397813023412,29.407405162065718
manila,scarce,cloud_cover,2,60,11040,21.172554347826086,33.19115011041609,-4.985235507246377,32.81462894182203,0.6804854099188576,29.407405162065718
manila,scarce,cloud_cover,3,84,11040,21.735144927536233,33.764698892546754,-5.191304347826087,33.363232014788224,0.6961771437688428,29.407405162065718
manila,scarce,shortwave_radiation,1,36,11040,36.680615942028986,79.19702774030443,-4.47445652173913,79.07052827529115,0.6669035032238994,280.04034957008116
manila,scarce,shortwave_radiation,2,60,11040,40.24619565217391,87.77572705976047,-3.602355072463768,87.70177477566494,0.719587573648315,280.04034957008116
manila,scarce,shortwave_radiation,3,84,11040,40.93713768115942,88.77107322787636,-1.723550724637681,88.75433969631337,0.7268751540452557,280.04034957008116
manila,scarce,temperature_2m,1,36,11040,1.0885778985507246,1.3964029229375043,0.15653079710144926,1.3876019720176211,0.9107706654766823,2.482649711169703
manila,scarce,temperature_2m,2,60,11040,1.147481884057971,1.462437289625424,0.14451086956521741,1.4552798475428914,0.9154831902776313,2.482649711169703
manila,scarce,temperature_2m,3,84,11040,1.1999728260869567,1.5230859335144438,0.1797916666666667,1.5124370127270714,0.9201877528055141,2.482649711169703
new_york,rich,relative_humidity_2m,1,36,13512,9.707815275310836,13.18776928570477,5.757400828892836,11.864636295666301,0.8730514462635461,19.87190089500916
new_york,rich,relative_humidity_2m,2,60,13512,8.803952042628774,11.594755327100382,-0.6115304914150385,11.578617428406224,0.8838636832198743,19.87190089500916
new_york,rich,relative_humidity_2m,3,84,13512,9.713513913558318,12.716994568627296,-0.43598283007696864,12.70951886698998,0.8910790555008592,19.87190089500916
new_york,rich,surface_pressure,1,36,13512,0.8458703374777979,1.0909275199387092,0.5227797513321502,0.957509365675719,0.8650112683548906,7.505713226788055
new_york,rich,surface_pressure,2,60,13512,0.9429692125518063,1.2765104706370196,0.25467732386027253,1.250847089918394,0.9312175745741198,7.505713226788055
new_york,rich,surface_pressure,3,84,13512,1.3388617525162823,1.8212764231040408,0.22197306098283084,1.8076990262631003,0.9517578990698818,7.505713226788055
new_york,rich,wind_speed_10m,1,36,13512,3.397409709887507,4.526295123268566,0.7528567199526347,4.463244817635144,0.6107142634059349,7.148032433435367
new_york,rich,wind_speed_10m,2,60,13512,4.902730905861457,6.147518777731201,3.4734384251036117,5.0721999792566805,0.7044407747265164,7.148032433435367
new_york,rich,wind_speed_10m,3,84,13512,5.179492303137952,6.486101014069458,3.3512211367673177,5.553271401363057,0.7357329400716086,7.148032433435367
new_york,rich,wind_direction_10m,1,36,13512,27.233940201302545,42.72277402471756,1.0074748371817643,42.71089339758098,0.3444122388111531,101.74734669219038
new_york,rich,wind_direction_10m,2,60,13512,35.65822972172884,50.34070568540609,19.35923623445826,46.46941597785705,0.456226429007949,101.74734669219038
new_york,rich,wind_direction_10m,3,84,13512,38.98934280639432,54.70343371447479,19.06320307874482,51.27435956238236,0.480514136318371,101.74734669219038
new_york,rich,precipitation,1,36,13512,0.19568531675547665,2.126341912523017,0.007630254588513911,2.1263282221159927,0.028117999390691095,1.7405437112953455
new_york,rich,precipitation,2,60,13512,0.1962181764357608,1.747158100138568,0.01796181172291296,1.7470657687103375,0.020686680677227794,1.7405437112953455
new_york,rich,precipitation,3,84,13512,0.2116341030195382,1.814994531941325,0.016030195381882766,1.814923740495156,0.08285597758762249,1.7405437112953455
new_york,rich,cloud_cover,1,36,13512,25.569123741859087,42.73071497609495,12.122113676731795,40.975216440876274,0.5194228772781364,43.990935899587235
new_york,rich,cloud_cover,2,60,13512,28.26457963291889,45.59000833814741,12.94264357608052,43.71426354789581,0.5732337874920683,43.990935899587235
new_york,rich,cloud_cover,3,84,13512,30.494375370041446,47.93400245005813,13.72602131438721,45.92673436854798,0.600562648089304,43.990935899587235
new_york,rich,shortwave_radiation,1,36,13512,38.36902753108348,97.56064717090676,-6.162796033155713,97.36580416891691,0.37788526881058854,278.08867424449164
new_york,rich,shortwave_radiation,2,60,13512,46.77094434576673,112.66159599945259,-3.623371817643576,112.60331429320797,0.5445967933166033,278.08867424449164
new_york,rich,shortwave_radiation,3,84,13512,50.03656009473061,119.63045154906438,-5.88943161634103,119.48539464331814,0.5919375937969661,278.08867424449164
new_york,rich,temperature_2m,1,36,13512,1.5566533451746596,1.9963649247986333,-1.0244893428063944,1.7134452134347262,0.8687256374646387,9.731128934305394
new_york,rich,temperature_2m,2,60,13512,1.6340364120781528,2.1493419139621013,-0.3272868561278863,2.12427728343552,0.9166713853541244,9.731128934305394
new_york,rich,temperature_2m,3,84,13512,1.7811648904677322,2.3337630176134225,-0.3467362344582593,2.3078613056450803,0.9225744676652119,9.731128934305394
paris,rich,relative_humidity_2m,1,36,1260,4.334920634920635,5.95832084580776,0.526984126984127,5.934970516480607,0.7883661561003827,10.287073200453765
paris,rich,relative_humidity_2m,2,60,1236,5.143203883495145,7.105025797684377,1.1383495145631068,7.013241188527203,0.8328308064392138,10.32254701642963
paris,rich,relative_humidity_2m,3,84,1212,5.478547854785479,7.566754626493299,0.5132013201320133,7.549331095042295,0.8388211446518277,10.35399675509817
paris,rich,surface_pressure,1,36,1260,0.5796825396825388,0.7584759154289062,0.1317460317460342,0.7469462480024184,0.728076450480612,14.82394532509007
paris,rich,surface_pressure,2,60,1236,0.9936893203883519,1.265211649408651,0.02896440129449724,1.2648800659576427,0.8782096260429243,14.861152772813087
paris,rich,surface_pressure,3,84,1212,1.3424092409240924,1.785206905759005,-0.19537953795379542,1.7744831733545972,0.901020433525215,14.930425767720756
paris,rich,wind_speed_10m,1,36,1260,1.7044444444444447,2.2883313390897566,-0.5166666666666667,2.2292410980008137,0.5099950207890043,5.143725736835345
paris,rich,wind_speed_10m,2,60,1236,2.2114077669902916,2.9137507384290426,-0.10978964401294507,2.91168157595629,0.7214464448359288,5.113627714132015
paris,rich,wind_speed_10m,3,84,1212,2.5693069306930694,3.3458584813015766,-0.15016501650165032,3.3424870148912693,0.7368415287992575,5.15451600037038
paris,rich,wind_direction_10m,1,36,1260,16.372222222222224,26.67224644004944,-1.1357142857142857,26.648055899445172,0.520426907067488,68.08985707824813
paris,rich,wind_direction_10m,2,60,1236,21.792071197411005,35.94060859638185,-2.5962783171521036,35.84671093947397,0.6387302919087433,67.80358516884972
paris,rich,wind_direction_10m,3,84,1212,25.095709570957094,39.131410998489095,-4.1551155115511555,38.910183009314416,0.6348378272436622,68.05365682176995
paris,rich,precipitation,1,36,1260,0.09976190476190477,0.32789613144389645,-0.01642857142857143,0.32748431268793526,0.28372440567970375,0.3202496900007527
paris,rich,precipitation,2,60,1236,0.12888349514563108,0.3613508456569016,0.007524271844660193,0.36127249963173996,0.5122781282570493,0.3230689809757686
paris,rich,precipitation,3,84,1212,0.13085808580858088,0.38234554896308287,-0.0011551155115511525,0.3823438040821849,0.46657951507374157,0.3258844876299708
paris,rich,cloud_cover,1,36,1260,11.488095238095237,23.969673299718504,-2.5134920634920634,23.83752495000268,0.4343286187323455,25.854195170442118
paris,rich,cloud_cover,2,60,1236,14.322006472491909,26.022674951866218,-4.65210355987055,25.6034674237441,0.5492800248686512,25.478127207234007
paris,rich,cloud_cover,3,84,1212,14.569306930693068,26.406319875608137,-4.257425742574258,26.060852929622303,0.5862707630720793,25.054179275326764
paris,rich,shortwave_radiation,1,36,1260,15.579365079365079,38.07880300239542,4.6079365079365076,37.798970346215306,0.5380987398015115,102.08955430163103
paris,rich,shortwave_radiation,2,60,1236,16.610032362459545,39.903402779688584,6.697411003236246,39.33733899556233,0.6365096570591728,101.83613079087951
paris,rich,shortwave_radiation,3,84,1212,21.736798679867988,50.173897267371004,6.736798679867987,49.719568688230076,0.69046144110342,102.00982462876303
paris,rich,temperature_2m,1,36,4140,1.1797342995169082,1.7264558373888705,0.7135507246376811,1.5720989542084005,0.9416752116103277,6.257710720676913
paris,rich,temperature_2m,2,60,4116,1.295578231292517,1.8330461830073734,0.7172497570456754,1.6868939193250476,0.9401391153801916,6.198322791180375
paris,rich,temperature_2m,3,84,4092,1.387781036168133,1.9145032203277073,0.6873411534701857,1.7868644938526916,0.9392319048443539,6.153915320941238
seoul,rich,relative_humidity_2m,1,36,20328,4.774940968122786,6.843966396254284,0.03074576938213302,6.8438973349052326,0.8435478793493816,19.32812129860054
seoul,rich,relative_humidity_2m,2,60,20328,6.386953955135773,8.913534760597203,0.3071625344352617,8.90824074134809,0.8872097985475722,19.32812129860054
seoul,rich,relative_humidity_2m,3,84,20328,9.28163124754034,12.495916294760113,-3.612012987012987,11.962494983376203,0.9173507318317748,19.32812129860054
seoul,rich,surface_pressure,1,36,20328,0.7155942542306173,0.9569203604015962,0.2486127508854779,0.9240607535483131,0.89498753898325,7.917308247069721
seoul,rich,surface_pressure,2,60,20328,1.034941951987406,1.3876984206698635,0.4258903974813062,1.3207286913150817,0.930791114659211,7.917308247069721
seoul,rich,surface_pressure,3,84,20328,0.9976534828807554,1.3748197620770366,0.12128591105863798,1.3694594210768845,0.9343071856180075,7.917308247069721
seoul,rich,wind_speed_10m,1,36,20328,1.0827872884691068,1.514205819586381,0.09961137347500984,1.5109258215887655,0.6644463137050529,2.5348217932100807
seoul,rich,wind_speed_10m,2,60,20328,1.2967040535222354,1.8380970987709095,0.045218417945690675,1.837540812931382,0.7291443110916708,2.5348217932100807
seoul,rich,wind_speed_10m,3,84,20328,2.9472550177095633,4.1022406793246375,2.0968417945690674,3.5258521068890905,0.8606689031719728,2.5348217932100807
seoul,rich,wind_direction_10m,1,36,20328,27.268152302243212,44.71598080545633,0.5739374262101535,44.71229736017525,0.3723521034764128,99.56628338583116
seoul,rich,wind_direction_10m,2,60,20328,32.193034238488785,50.87615179751443,0.9962613144431326,50.866396423543456,0.41522166234182145,99.56628338583116
seoul,rich,wind_direction_10m,3,84,20328,37.27676111767021,54.83681113961879,-2.948051948051948,54.757509491153876,0.4614427015835029,99.56628338583116
seoul,rich,precipitation,1,36,20328,0.16199330972058246,0.9418690337104895,-0.003433687524596616,0.941862774746255,0.5894622617499018,0.8631102931254028
seoul,rich,precipitation,2,60,20328,0.1906582054309327,1.1305581139229879,0.004648760330578514,1.1305485562259112,0.594426234559286,0.8631102931254028
seoul,rich,precipitation,3,84,20328,0.19357044470680834,1.0454491341851297,-0.008407123179850451,1.0454153301192195,0.666938283805702,0.8631102931254028
seoul,rich,cloud_cover,1,36,20328,15.959120425029516,25.117802929521854,-1.981158992522629,25.039549377986887,0.6273635287030447,34.07737711374996
seoul,rich,cloud_cover,2,60,20328,18.622343565525384,28.277303850020207,-0.8585694608421881,28.264266689714006,0.6903895529016086,34.07737711374996
seoul,rich,cloud_cover,3,84,20328,30.238242817788272,41.31697275101537,18.953217237308145,36.713319022713705,0.749419388197104,34.07737711374996
seoul,rich,shortwave_radiation,1,36,20328,21.391184573002754,54.04831346954322,3.346910665092483,53.94458617787235,0.7362763297521788,250.30680481808102
seoul,rich,shortwave_radiation,2,60,20328,30.11007477371114,76.70920422600545,2.0815820543093273,76.68095610474735,0.8238421362553285,250.30680481808102
seoul,rich,shortwave_radiation,3,84,20328,35.60185950413223,85.10319767335783,6.056355765446675,84.88742432818277,0.8259614618103418,250.30680481808102
seoul,rich,temperature_2m,1,36,20328,0.7431277056277056,0.9906725064090264,0.14402302243211335,0.9801476337594562,0.8963375031375689,11.002839196255088
seoul,rich,temperature_2m,2,60,20328,0.9737750885478159,1.3136088389692655,0.19302931916568278,1.2993490153767828,0.9195151372863429,11.002839196255088
seoul,rich,temperature_2m,3,84,20328,1.4556031090122,1.9036506437152778,0.5828463203463202,1.8122295495263139,0.9314962494240424,11.002839196255088
vienna,rich,relative_humidity_2m,1,36,6408,4.5053058676654185,6.361998994890385,0.32553058676654184,6.353665166505526,0.7557411661410566,20.307505775551263
vienna,rich,relative_humidity_2m,2,60,6408,6.275905118601748,8.550905070698064,2.588951310861423,8.149558800209912,0.839970828616916,20.307505775551263
vienna,rich,relative_humidity_2m,3,84,6408,7.514044943820225,9.899226946198102,2.8111735330836454,9.491680436004186,0.8657817574541549,20.307505775551263
vienna,rich,surface_pressure,1,36,6408,0.5203027465667925,0.6770481480342119,0.20578963795255997,0.6450153639006675,0.7440910548571674,8.118743348132561
vienna,rich,surface_pressure,2,60,6408,0.7903714107365801,1.0680914232356304,0.02745006242197269,1.06773863021928,0.8851132972820901,8.118743348132561
vienna,rich,surface_pressure,3,84,6408,1.1274812734082402,1.4737004686031185,0.09277465667915158,1.470777323131927,0.9144677259613988,8.118743348132561
vienna,rich,wind_speed_10m,1,36,6408,1.9066479400749063,2.699654923155893,0.05346441947565542,2.699125462065441,0.5631675967575799,5.747190548490776
vienna,rich,wind_speed_10m,2,60,6408,2.496363920099875,3.4586894586729784,-0.13537765293383272,3.456039013469279,0.7176111622577456,5.747190548490776
vienna,rich,wind_speed_10m,3,84,6408,2.934769038701623,4.004406514776006,-0.1349875156054931,4.002130670806637,0.7728132192949607,5.747190548490776
vienna,rich,wind_direction_10m,1,36,6408,21.012172284644194,36.49668635446826,0.6142322097378277,36.49151728345849,0.30292990375830187,103.11079997527209
vienna,rich,wind_direction_10m,2,60,6408,26.78604868913858,43.597013593332036,0.05352684144818976,43.59698073415661,0.3934974088689104,103.11079997527209
vienna,rich,wind_direction_10m,3,84,6408,30.832553058676655,48.252691670343204,-1.0170099875156056,48.24197284645915,0.4071408627620505,103.11079997527209
vienna,rich,precipitation,1,36,6408,0.05195068664169787,0.32840219624247174,-0.01312421972534332,0.32813984420286396,0.2523471737130342,0.3509164307710119
vienna,rich,precipitation,2,60,6408,0.06114232209737828,0.3416472544042284,-0.009550561797752809,0.3415137379539729,0.2789834732840772,0.3509164307710119
vienna,rich,precipitation,3,84,6408,0.06914794007490636,0.3553431110796441,-0.011220349563046194,0.35516591946221887,0.3496659641662162,0.3509164307710119
vienna,rich,cloud_cover,1,36,6408,15.347846441947565,29.035319552625836,-1.8762484394506866,28.97463499884951,0.39852036817211295,40.87494908507113
vienna,rich,cloud_cover,2,60,6408,18.030742821473158,30.912311544007153,-1.2539013732833957,30.886869966700022,0.5568741258392349,40.87494908507113
vienna,rich,cloud_cover,3,84,6408,21.332553058676655,35.080287349868065,-0.031054931335830212,35.08027360412905,0.6270657456033687,40.87494908507113
vienna,rich,shortwave_radiation,1,36,6408,17.416432584269664,45.600765501191226,1.6528558052434457,45.570800760812894,0.45406579857427776,213.0201149509092
vienna,rich,shortwave_radiation,2,60,6408,21.200889513108613,53.707857052539616,2.280789637952559,53.659406517435855,0.6332575455873313,213.0201149509092
vienna,rich,shortwave_radiation,3,84,6408,26.210049937578027,63.447671775116355,0.06585518102372034,63.447637598085784,0.7092705102220092,213.0201149509092
vienna,rich,temperature_2m,1,36,6408,0.704603620474407,0.9640939871091537,0.14570848938826467,0.9530195444481792,0.8171498066788012,8.918614068045697
vienna,rich,temperature_2m,2,60,6408,0.9885455680399501,1.2857302874378267,-0.21126716604244694,1.2682541372246139,0.8867750969542822,8.918614068045697
vienna,rich,temperature_2m,3,84,6408,1.206507490636704,1.5610650714506975,-0.19205680399500624,1.5492057130486558,0.9093050017142743,8.918614068045697
