city,seed,model_a,model_b,dm_stat,p_value,mean_loss_diff,better,significant_5pct
accra,42,nas_gru,seasonal_naive,-0.5026545749890521,0.6159803821319969,-0.0746332195070056,nas_gru,False
accra,42,nas_gru,lgbm_direct,5.051086460770222,1.3187668755560079e-06,0.35106704161843205,lgbm_direct,True
accra,42,nas_gru,chronos,2.0954648206681203,0.03789231199240608,0.1294869502385458,chronos,True
accra,42,nas_gru,chronos_cov,3.045478171106112,0.002766574284705509,0.2776509176001298,chronos_cov,True
accra,43,nas_gru,seasonal_naive,-0.7136942422651869,0.4765794729723959,-0.1321685738033721,nas_gru,False
accra,43,nas_gru,lgbm_direct,2.970634962284702,0.0034869700187043287,0.2935316873220656,lgbm_direct,True
accra,43,nas_gru,chronos,0.8710762489354144,0.38517253927682105,0.07195159594217933,chronos,False
accra,43,nas_gru,chronos_cov,1.761654525044186,0.08026471794265855,0.22011556330376328,chronos_cov,False
accra,44,nas_gru,seasonal_naive,-0.6355618686635576,0.5260778002154598,-0.10347201824188249,nas_gru,False
accra,44,nas_gru,lgbm_direct,4.293545746309393,3.226376603295741e-05,0.3222282428835552,lgbm_direct,True
accra,44,nas_gru,chronos,1.5843998673739217,0.1153117724642779,0.10064815150366895,chronos,False
accra,44,nas_gru,chronos_cov,2.5265760556918275,0.012606651018486516,0.2488121188652529,chronos_cov,True
accra,45,nas_gru,seasonal_naive,-0.5800408140979704,0.562799915495036,-0.0884130530887181,nas_gru,False
accra,45,nas_gru,lgbm_direct,5.22369823898056,6.076793175923137e-07,0.3372872080367196,lgbm_direct,True
accra,45,nas_gru,chronos,2.0325907268278813,0.04394464239107358,0.11570711665683334,chronos,True
accra,45,nas_gru,chronos_cov,2.913476072836214,0.004149252981463092,0.2638710840184173,chronos_cov,True
accra,46,nas_gru,seasonal_naive,-0.24991566175687827,0.8030112333811775,-0.038500751389397646,nas_gru,False
accra,46,nas_gru,lgbm_direct,6.082711454405724,1.0251826957259931e-08,0.38719950973604,lgbm_direct,True
accra,46,nas_gru,chronos,3.1736002146559694,0.001843586701096568,0.1656194183561538,chronos,True
accra,46,nas_gru,chronos_cov,3.4798456394086426,0.0006653816896873824,0.31378338571773773,chronos_cov,True
addis_ababa,42,nas_gru,seasonal_naive,-13.891327582012709,2.6173474708536605e-28,-3.070438826084137,nas_gru,True
addis_ababa,42,nas_gru,lgbm_direct,4.22231928952192,4.279750039376872e-05,0.6798888660302648,lgbm_direct,True
addis_ababa,42,nas_gru,chronos,-0.90360715993477,0.36772342264676583,-0.3076729668511285,nas_gru,False
addis_ababa,42,nas_gru,chronos_cov,-0.6569750551175804,0.5122529047270863,-0.14655772435812503,nas_gru,False
addis_ababa,43,nas_gru,seasonal_naive,-13.81814251238635,4.044053984958771e-28,-3.118697737322913,nas_gru,True
addis_ababa,43,nas_gru,lgbm_direct,4.146117163311725,5.76927952923449e-05,0.6316299547914884,lgbm_direct,True
addis_ababa,43,nas_gru,chronos,-1.0017430549914876,0.3181597860580363,-0.35593187808990484,nas_gru,False
addis_ababa,43,nas_gru,chronos_cov,-0.9354650618409113,0.35112572846562806,-0.19481663559690135,nas_gru,False
addis_ababa,44,nas_gru,seasonal_naive,-13.061856428856991,3.695472745427951e-26,-3.049831802315182,nas_gru,True
addis_ababa,44,nas_gru,lgbm_direct,4.306418880657119,3.0647005867990094e-05,0.7004958897992196,lgbm_direct,True
addis_ababa,44,nas_gru,chronos,-0.8184862611826657,0.4144414261756867,-0.2870659430821737,nas_gru,False
addis_ababa,44,nas_gru,chronos_cov,-0.5703052294356669,0.56936568111341,-0.12595070058917024,nas_gru,False
addis_ababa,45,nas_gru,seasonal_naive,-13.481584347787047,3.0039066004050282e-27,-3.0605822987026636,nas_gru,True
addis_ababa,45,nas_gru,lgbm_direct,4.117417596783156,6.449793127465828e-05,0.6897453934117378,lgbm_direct,True
addis_ababa,45,nas_gru,chronos,-0.8473750839465707,0.3982020814905176,-0.2978164394696554,nas_gru,False
addis_ababa,45,nas_gru,chronos_cov,-0.673934765024589,0.5014407021231055,-0.1367011969766519,nas_gru,False
addis_ababa,46,nas_gru,seasonal_naive,-13.480779777904871,3.0183658090150184e-27,-3.0712109459771053,nas_gru,True
addis_ababa,46,nas_gru,lgbm_direct,4.263595879078786,3.634814281613318e-05,0.6791167461372967,lgbm_direct,True
addis_ababa,46,nas_gru,chronos,-0.9032089068652839,0.3679339866312522,-0.3084450867440966,nas_gru,False
addis_ababa,46,nas_gru,chronos_cov,-0.7321468907011358,0.4652771653668397,-0.14732984425109308,nas_gru,False
amsterdam,42,nas_gru,seasonal_naive,-0.7034996415022179,0.4828882944671822,-0.48927562104331124,nas_gru,False
amsterdam,42,nas_gru,lgbm_direct,1.3873789938094945,0.16748458699091714,0.6437989963456195,lgbm_direct,False
amsterdam,42,nas_gru,chronos,1.9755697705072965,0.0501284932528714,0.7452386246787177,chronos,False
amsterdam,42,nas_gru,chronos_cov,0.4071144960955556,0.6845326408121815,0.3787929557072489,chronos_cov,False
amsterdam,43,nas_gru,seasonal_naive,-1.3795231894023807,0.16988693557703052,-0.7562531524234347,nas_gru,False
amsterdam,43,nas_gru,lgbm_direct,1.1342874628142423,0.2585718477729499,0.37682146496549596,lgbm_direct,False
amsterdam,43,nas_gru,chronos,1.982199890512179,0.049373527190122266,0.4782610932985942,chronos,True
amsterdam,43,nas_gru,chronos_cov,0.14766408718003723,0.8828158750381998,0.11181542432712514,chronos_cov,False
amsterdam,44,nas_gru,seasonal_naive,-1.7585531238056846,0.08079262044686107,-0.9027086589071485,nas_gru,False
amsterdam,44,nas_gru,lgbm_direct,0.8036621475136249,0.42292601318902434,0.23036595848178218,lgbm_direct,False
amsterdam,44,nas_gru,chronos,1.0163458650903805,0.3111812043693118,0.3318055868148803,chronos,False
amsterdam,44,nas_gru,chronos_cov,-0.042967623441101756,0.9657872807175685,-0.03464008215658865,nas_gru,False
amsterdam,45,nas_gru,seasonal_naive,-1.4602769479904822,0.14640751173074257,-0.7997666822539435,nas_gru,False
amsterdam,45,nas_gru,lgbm_direct,1.108606909534016,0.2694608241566317,0.3333079351349872,lgbm_direct,False
amsterdam,45,nas_gru,chronos,1.7947054281973553,0.07481298243200955,0.4347475634680854,chronos,False
amsterdam,45,nas_gru,chronos_cov,0.08957944661220205,0.9287467597305257,0.06830189449661637,chronos_cov,False
amsterdam,46,nas_gru,seasonal_naive,-1.5581823718244554,0.12140043313436555,-0.786288391219245,nas_gru,False
amsterdam,46,nas_gru,lgbm_direct,1.4014014903628003,0.1632606555219155,0.3467862261696857,lgbm_direct,False
amsterdam,46,nas_gru,chronos,1.6359923395282099,0.1040403147224594,0.44822585450278385,chronos,False
amsterdam,46,nas_gru,chronos_cov,0.11717529313584876,0.9068855575436903,0.08178018553131494,chronos_cov,False
bangkok,42,nas_gru,seasonal_naive,-2.4670439802799753,0.01480425380299451,-1.7467199087142946,nas_gru,True
bangkok,42,nas_gru,lgbm_direct,2.2839068069323667,0.023849871791633826,0.2816110627346076,lgbm_direct,True
bangkok,42,nas_gru,chronos,1.259328032379275,0.20996354521905894,0.08998828464084206,chronos,False
bangkok,42,nas_gru,chronos_cov,1.6834054121798623,0.09447848979050705,0.19433347266948273,chronos_cov,False
bangkok,43,nas_gru,seasonal_naive,-2.3783224317836438,0.0187132857915079,-1.6151554902394616,nas_gru,True
bangkok,43,nas_gru,lgbm_direct,4.260831440497419,3.674920095151739e-05,0.4131754812094408,lgbm_direct,True
bangkok,43,nas_gru,chronos,2.233388342825094,0.027076344248989984,0.22155270311567524,chronos,True
bangkok,43,nas_gru,chronos_cov,3.6961790152993146,0.00031103500208013444,0.3258978911443159,chronos_cov,True
bangkok,44,nas_gru,seasonal_naive,-2.2716769647054798,0.0245983818896664,-1.5679897864659627,nas_gru,True
bangkok,44,nas_gru,lgbm_direct,4.404003741735754,2.0685093272670494e-05,0.46034118498293947,lgbm_direct,True
bangkok,44,nas_gru,chronos,2.4591578349259398,0.015119612590670253,0.26871840688917387,chronos,True
bangkok,44,nas_gru,chronos_cov,3.5865924358375607,0.00045909208196876,0.3730635949178145,chronos_cov,True
bangkok,45,nas_gru,seasonal_naive,-1.7987771801962424,0.07416300411224387,-1.3336416588889228,nas_gru,False
bangkok,45,nas_gru,lgbm_direct,4.604754673499053,9.043717470501968e-06,0.6946893125599793,lgbm_direct,True
bangkok,45,nas_gru,chronos,4.652571275242839,7.3992968005578295e-06,0.5030665344662137,chronos,True
bangkok,45,nas_gru,chronos_cov,4.307326231569485,3.053603371847241e-05,0.6074117224948545,chronos_cov,True
bangkok,46,nas_gru,seasonal_naive,-2.0748137730202583,0.03979601006047548,-1.5188554896248712,nas_gru,True
bangkok,46,nas_gru,lgbm_direct,3.4503667252486223,0.000736135703476839,0.509475481824031,lgbm_direct,True
bangkok,46,nas_gru,chronos,2.9111885170992537,0.004178015030894462,0.31785270373026553,chronos,True
bangkok,46,nas_gru,chronos_cov,2.9502867470197596,0.0037107060510248283,0.4221978917589062,chronos_cov,True
berlin,42,nas_gru,seasonal_naive,-1.4438123696766243,0.15097903008653873,-0.9368548658159042,nas_gru,False
berlin,42,nas_gru,lgbm_direct,2.5664433274123364,0.011302968735625363,1.6853168045638576,lgbm_direct,True
berlin,42,nas_gru,chronos,0.9828834856452128,0.32732480761086835,1.2473312166002062,chronos,False
berlin,42,nas_gru,chronos_cov,2.2821182004399247,0.023958079261776562,2.0217345987725253,chronos_cov,True
berlin,43,nas_gru,seasonal_naive,-1.116795863140701,0.26595456682596214,-0.9441442648569741,nas_gru,False
berlin,43,nas_gru,lgbm_direct,3.499352132010844,0.0006221311359939224,1.678027405522788,lgbm_direct,True
berlin,43,nas_gru,chronos,1.2708569236346585,0.2058430616937836,1.2400418175591363,chronos,False
berlin,43,nas_gru,chronos_cov,3.379043571278773,0.0009376027827289362,2.0144451997314556,chronos_cov,True
berlin,44,nas_gru,seasonal_naive,-1.4083996377054833,0.16118322950504507,-0.8821964078479341,nas_gru,False
berlin,44,nas_gru,lgbm_direct,2.851773513937363,0.004992135808368769,1.7399752625318277,lgbm_direct,True
berlin,44,nas_gru,chronos,1.0587011984695798,0.29152093227412834,1.3019896745681763,chronos,False
berlin,44,nas_gru,chronos_cov,2.450628038846095,0.015467427668304508,2.076393056740496,chronos_cov,True
berlin,45,nas_gru,seasonal_naive,-1.2533211852683344,0.21213418187237734,-0.9201480097240871,nas_gru,False
berlin,45,nas_gru,lgbm_direct,2.9392500411373743,0.003837503491985247,1.702023660655675,lgbm_direct,True
berlin,45,nas_gru,chronos,1.1097494631160183,0.26896970288248456,1.2640380726920233,chronos,False
berlin,45,nas_gru,chronos_cov,2.5827466384335254,0.010805647260889341,2.038441454864343,chronos_cov,True
berlin,46,nas_gru,seasonal_naive,-1.3941600942320722,0.16543170179095973,-1.0689869907167222,nas_gru,False
berlin,46,nas_gru,lgbm_direct,2.87763162804746,0.00462147672346897,1.5531846796630397,lgbm_direct,True
berlin,46,nas_gru,chronos,1.0755123753147193,0.2839566541797727,1.1151990916993884,chronos,False
berlin,46,nas_gru,chronos_cov,2.6669153879863337,0.008537598109160965,1.8896024738717077,chronos_cov,True
bogota,42,nas_gru,seasonal_naive,1.2281681278134888,0.22140146780325362,0.15928969648149288,seasonal_naive,False
bogota,42,nas_gru,lgbm_direct,4.794932458306656,4.0383563275681065e-06,0.7155478264173447,lgbm_direct,True
bogota,42,nas_gru,chronos,2.1011646980825027,0.037380861408532355,0.22715127997928203,chronos,True
bogota,42,nas_gru,chronos_cov,1.4416941327904544,0.15157507020087238,0.2136220667708183,chronos_cov,False
bogota,43,nas_gru,seasonal_naive,1.000058766555864,0.31897130957827846,0.11144092215432072,seasonal_naive,False
bogota,43,nas_gru,lgbm_direct,4.835168017734927,3.3957859126948147e-06,0.6676990520901724,lgbm_direct,True
bogota,43,nas_gru,chronos,1.5483586818019335,0.12374625563884321,0.17930250565210984,chronos,False
bogota,43,nas_gru,chronos_cov,1.1301438047371173,0.2603076628681352,0.1657732924436461,chronos_cov,False
bogota,44,nas_gru,seasonal_naive,0.48220565449786,0.6303971094150903,0.06242842276891087,seasonal_naive,False
bogota,44,nas_gru,lgbm_direct,3.914141670193433,0.00013988277895280864,0.6186865527047627,lgbm_direct,True
bogota,44,nas_gru,chronos,1.0449010498695026,0.2978318009743632,0.13029000626669998,chronos,False
bogota,44,nas_gru,chronos_cov,0.7427782790698166,0.4588343773464082,0.11676079305823626,chronos_cov,False
bogota,45,nas_gru,seasonal_naive,2.1150565195034434,0.03615915417316905,0.24459277523888487,seasonal_naive,True
bogota,45,nas_gru,lgbm_direct,5.4150397748340175,2.526800136321737e-07,0.8008509051747367,lgbm_direct,True
bogota,45,nas_gru,chronos,2.519521238936466,0.012850874228672893,0.31245435873667404,chronos,True
bogota,45,nas_gru,chronos_cov,2.0355660692721993,0.043640669085437754,0.29892514552821026,chronos_cov,True
bogota,46,nas_gru,seasonal_naive,1.0319907132546997,0.30381868377381344,0.11736213498645373,seasonal_naive,False
bogota,46,nas_gru,lgbm_direct,4.792180696825348,4.086364573437551e-06,0.6736202649223055,lgbm_direct,True
bogota,46,nas_gru,chronos,1.6625635728847024,0.09859022030351872,0.18522371848424285,chronos,False
bogota,46,nas_gru,chronos_cov,1.1538465091510277,0.2504879022578576,0.17169450527577912,chronos_cov,False
delhi,42,nas_gru,seasonal_naive,-6.023132633715361,1.3761771484083087e-08,-4.562457256846958,nas_gru,True
delhi,42,nas_gru,lgbm_direct,20.82577997373769,3.822157184786198e-45,2.2861096517360022,lgbm_direct,True
delhi,42,nas_gru,chronos,2.877372943142603,0.0046250566445525665,1.4195068054729036,chronos,True
delhi,42,nas_gru,chronos_cov,4.731397045848829,5.2992823224604076e-06,1.7317254310767205,chronos_cov,True
delhi,43,nas_gru,seasonal_naive,-5.729975307777327,5.723072208356561e-08,-4.379146773285336,nas_gru,True
delhi,43,nas_gru,lgbm_direct,11.560074128459172,3.0795629081442644e-22,2.4694201352976237,lgbm_direct,True
delhi,43,nas_gru,chronos,2.963222877459775,0.0035669913855058766,1.6028172890345258,chronos,True
delhi,43,nas_gru,chronos_cov,4.396265232736989,2.134476757970315e-05,1.9150359146383424,chronos_cov,True
delhi,44,nas_gru,seasonal_naive,-5.9265370526025505,2.210675770540708e-08,-4.549714455339644,nas_gru,True
delhi,44,nas_gru,lgbm_direct,10.620981936377662,8.681290436688903e-20,2.298852453243316,lgbm_direct,True
delhi,44,nas_gru,chronos,2.589703825545997,0.01059947335805078,1.432249606980218,chronos,True
delhi,44,nas_gru,chronos_cov,4.0078565552676295,9.822974657661628e-05,1.7444682325840346,chronos_cov,True
delhi,45,nas_gru,seasonal_naive,-5.839159919218758,3.381678116267606e-08,-4.355042780770195,nas_gru,True
delhi,45,nas_gru,lgbm_direct,14.811730523901762,1.1381945703486843e-30,2.493524127812764,lgbm_direct,True
delhi,45,nas_gru,chronos,3.0449878312539598,0.0027708100555801606,1.6269212815496656,chronos,True
delhi,45,nas_gru,chronos_cov,4.876684123506631,2.8369644579382946e-06,1.9391399071534825,chronos_cov,True
delhi,46,nas_gru,seasonal_naive,-6.3229674049434,3.0785497830436145e-09,-4.413727504677244,nas_gru,True
delhi,46,nas_gru,lgbm_direct,23.11239539370554,3.8483551627536975e-50,2.4348394039057175,lgbm_direct,True
delhi,46,nas_gru,chronos,2.850091675327497,0.005017160156594531,1.568236557642619,chronos,True
delhi,46,nas_gru,chronos_cov,5.499536169691765,1.704705631632847e-07,1.8804551832464353,chronos_cov,True
dhaka,42,nas_gru,seasonal_naive,-2.6684647293106423,0.008500216219244554,-0.7143293937047321,nas_gru,True
dhaka,42,nas_gru,lgbm_direct,2.755497619954412,0.006623448701808827,0.2612084546320508,lgbm_direct,True
dhaka,42,nas_gru,chronos,-0.34040142085308833,0.7340537878607725,-0.07646602524651414,nas_gru,False
dhaka,42,nas_gru,chronos_cov,0.8982269660702047,0.37057444109216287,0.12196444009611739,chronos_cov,False
dhaka,43,nas_gru,seasonal_naive,-3.8869283365623546,0.00015483302936313852,-0.7336532221900094,nas_gru,True
dhaka,43,nas_gru,lgbm_direct,2.468885322672712,0.014731469266462677,0.2418846261467736,lgbm_direct,True
dhaka,43,nas_gru,chronos,-0.8860684432685249,0.3770682810635083,-0.09578985373179133,nas_gru,False
dhaka,43,nas_gru,chronos_cov,0.6444405638950129,0.5203221907028199,0.10264061161084019,chronos_cov,False
dhaka,44,nas_gru,seasonal_naive,-2.4939875617444227,0.0137705413718962,-0.6351893822352092,nas_gru,True
dhaka,44,nas_gru,lgbm_direct,3.1748654472547866,0.0018361000985501806,0.3403484661015737,lgbm_direct,True
dhaka,44,nas_gru,chronos,0.016093305675526626,0.9871823858298618,0.002673986223008789,chronos,False
dhaka,44,nas_gru,chronos_cov,1.8277364159722644,0.06967357168879611,0.2011044515656403,chronos_cov,False
dhaka,45,nas_gru,seasonal_naive,-4.048420815997544,8.41399357554042e-05,-0.7770911773045859,nas_gru,True
dhaka,45,nas_gru,lgbm_direct,2.5149002254825703,0.013013128589248607,0.19844667103219707,lgbm_direct,True
dhaka,45,nas_gru,chronos,-1.2653319102605316,0.20781026139914668,-0.1392278088463679,nas_gru,False
dhaka,45,nas_gru,chronos_cov,0.36736277071051915,0.7138915461615698,0.05920265649626363,chronos_cov,False
dhaka,46,nas_gru,seasonal_naive,-4.621091278222543,8.445726840995858e-06,-0.819925162527296,nas_gru,True
dhaka,46,nas_gru,lgbm_direct,1.5799960807792568,0.11631719068692946,0.15561268580948678,lgbm_direct,False
dhaka,46,nas_gru,chronos,-1.3631578175313777,0.17497525258047514,-0.1820617940690782,nas_gru,False
dhaka,46,nas_gru,chronos_cov,0.12022492874308785,0.9044737213529155,0.016368671273553348,chronos_cov,False
hanoi,42,nas_gru,seasonal_naive,0.38269643468403064,0.7025130864770136,0.06764838430616599,seasonal_naive,False
hanoi,42,nas_gru,lgbm_direct,3.315000463239035,0.0011614337220561392,0.6771701630506851,lgbm_direct,True
hanoi,42,nas_gru,chronos,3.3027631326756137,0.0012095190267701068,0.3550893041822646,chronos,True
hanoi,42,nas_gru,chronos_cov,2.530634551532216,0.012468043302080713,0.5308514026426242,chronos_cov,True
hanoi,43,nas_gru,seasonal_naive,-0.07074847774271714,0.9436967836136168,-0.011151552200317308,nas_gru,False
hanoi,43,nas_gru,lgbm_direct,3.336607314258637,0.0010808639120180826,0.5983702265442018,lgbm_direct,True
hanoi,43,nas_gru,chronos,2.83855638682914,0.005191907508535512,0.2762893676757813,chronos,True
hanoi,43,nas_gru,chronos_cov,2.4094114476371233,0.017250309557969003,0.45205146613614094,chronos_cov,True
hanoi,44,nas_gru,seasonal_naive,0.5417061707507086,0.5888639692494286,0.0790132469601102,seasonal_naive,False
hanoi,44,nas_gru,lgbm_direct,3.409548125878157,0.0008458233972758913,0.6885350257046292,lgbm_direct,True
hanoi,44,nas_gru,chronos,3.0386860336836508,0.0028257831672354274,0.3664541668362088,chronos,True
hanoi,44,nas_gru,chronos_cov,2.566621828444422,0.011297414297056479,0.5422162652965684,chronos_cov,True
hanoi,45,nas_gru,seasonal_naive,0.32952063938292103,0.742244365950983,0.03752702607048892,seasonal_naive,False
hanoi,45,nas_gru,lgbm_direct,3.515419176700626,0.0005885063699344864,0.6470488048150079,lgbm_direct,True
hanoi,45,nas_gru,chronos,2.5101879241551135,0.013180471543752638,0.3249679459465875,chronos,True
hanoi,45,nas_gru,chronos_cov,2.6390780157139604,0.009235042659890013,0.5007300444069471,chronos_cov,True
hanoi,46,nas_gru,seasonal_naive,1.2839074514758868,0.20125073167916224,0.15524746576944992,seasonal_naive,False
hanoi,46,nas_gru,lgbm_direct,4.505121192058511,1.3677882559210014e-05,0.7647692445139689,lgbm_direct,True
hanoi,46,nas_gru,chronos,3.791823551789268,0.00021991974881478476,0.4426883856455486,chronos,True
hanoi,46,nas_gru,chronos_cov,3.4909894722798676,0.0006403390865131339,0.6184504841059081,chronos_cov,True
jakarta,42,nas_gru,seasonal_naive,0.022516051685777028,0.9820676958105761,0.003736095958285896,seasonal_naive,False
jakarta,42,nas_gru,lgbm_direct,4.452179957548832,1.699864057095348e-05,0.3625440514513043,lgbm_direct,True
jakarta,42,nas_gru,chronos,2.4149461006460653,0.01700076527379551,0.19705909358130538,chronos,True
jakarta,42,nas_gru,chronos_cov,5.3486976376755315,3.4328275234550523e-07,0.3291946197996791,chronos_cov,True
jakarta,43,nas_gru,seasonal_naive,0.11847612078590175,0.9058566769544057,0.018437576293945417,seasonal_naive,False
jakarta,43,nas_gru,lgbm_direct,5.145108547728972,8.664715834848649e-07,0.3772455317869638,lgbm_direct,True
jakarta,43,nas_gru,chronos,1.865875460288984,0.06410727546555006,0.2117605739169649,chronos,False
jakarta,43,nas_gru,chronos_cov,4.664927303622609,7.023796438631794e-06,0.34389610013533867,chronos_cov,True
jakarta,44,nas_gru,seasonal_naive,0.008765858092217232,0.9930181639465574,0.0012416230307685547,seasonal_naive,False
jakarta,44,nas_gru,lgbm_direct,5.73710452917969,5.530757853523244e-08,0.36004957852378694,lgbm_direct,True
jakarta,44,nas_gru,chronos,2.718519069997788,0.007369332438843641,0.19456462065378805,chronos,True
jakarta,44,nas_gru,chronos_cov,5.954890944225036,1.9243847423358298e-08,0.3267001468721618,chronos_cov,True
jakarta,45,nas_gru,seasonal_naive,0.13369909646086467,0.8938284936561833,0.020226263999939098,seasonal_naive,False
jakarta,45,nas_gru,lgbm_direct,5.423717432872423,2.4271162377701704e-07,0.3790342194929575,lgbm_direct,True
jakarta,45,nas_gru,chronos,2.891056619498177,0.004439132967852566,0.2135492616229586,chronos,True
jakarta,45,nas_gru,chronos_cov,5.841769812994489,3.339185129687285e-08,0.34568478784133233,chronos_cov,True
jakarta,46,nas_gru,seasonal_naive,-0.17849169370916632,0.8585894667805171,-0.026880258984035812,nas_gru,False
jakarta,46,nas_gru,lgbm_direct,5.332637442342304,3.6958886014461993e-07,0.3319276965089826,lgbm_direct,True
jakarta,46,nas_gru,chronos,2.2769511514921605,0.024273096711643398,0.16644273863898368,chronos,True
jakarta,46,nas_gru,chronos_cov,5.7397837605778665,5.460132353461705e-08,0.29857826485735744,chronos_cov,True
kampala,42,nas_gru,seasonal_naive,-9.08447556424081,7.753583750568077e-16,-2.1218964523739285,nas_gru,True
kampala,42,nas_gru,lgbm_direct,2.290237290293729,0.02347032255217482,0.7251515108897783,lgbm_direct,True
kampala,42,nas_gru,chronos,-1.137065715590859,0.2574125627410073,-0.2028375890519883,nas_gru,False
kampala,42,nas_gru,chronos_cov,1.4394644205298084,0.15220443263723726,0.5301883189319714,chronos_cov,False
kampala,43,nas_gru,seasonal_naive,-8.871927968078559,2.6658122525276316e-15,-2.1425329075919257,nas_gru,True
kampala,43,nas_gru,lgbm_direct,2.266112684758167,0.0249456893832962,0.7045150556717811,lgbm_direct,True
kampala,43,nas_gru,chronos,-1.222725353719161,0.22344479994665556,-0.22347404426998552,nas_gru,False
kampala,43,nas_gru,chronos_cov,1.4080649511019916,0.16128212088724236,0.5095518637139741,chronos_cov,False
kampala,44,nas_gru,seasonal_naive,-9.063554727486899,8.758603732325241e-16,-2.1407463020748563,nas_gru,True
kampala,44,nas_gru,lgbm_direct,2.1624294125303587,0.032248143203008735,0.7063016611888506,lgbm_direct,True
kampala,44,nas_gru,chronos,-1.366473956576177,0.1739350207357862,-0.22168743875291597,nas_gru,False
kampala,44,nas_gru,chronos_cov,1.3622094816552004,0.17527359485482188,0.5113384692310436,chronos_cov,False
kampala,45,nas_gru,seasonal_naive,-9.31713289406949,1.9902127146714446e-16,-2.1111175749037,nas_gru,True
kampala,45,nas_gru,lgbm_direct,2.2663404852369533,0.024931386888840976,0.7359303883600066,lgbm_direct,True
kampala,45,nas_gru,chronos,-1.0053968365575723,0.31640402453619043,-0.19205871158175988,nas_gru,False
kampala,45,nas_gru,chronos_cov,1.425417371134513,0.15621569287021247,0.5409671964021998,chronos_cov,False
kampala,46,nas_gru,seasonal_naive,-8.933599372340657,1.8644442943657377e-15,-2.1101600223117405,nas_gru,True
kampala,46,nas_gru,lgbm_direct,2.3321441588550607,0.021088779447901683,0.7368879409519664,lgbm_direct,True
kampala,46,nas_gru,chronos,-0.9981139742801728,0.3199100508358809,-0.19110115898980018,nas_gru,False
kampala,46,nas_gru,chronos_cov,1.454902783373944,0.14788777628638602,0.5419247489941594,chronos_cov,False
karachi,42,nas_gru,seasonal_naive,2.228296841779352,0.027421735657350205,0.19944445821974022,seasonal_naive,True
karachi,42,nas_gru,lgbm_direct,5.2741755630600435,4.830038230374642e-07,0.5071023103324586,lgbm_direct,True
karachi,42,nas_gru,chronos,3.539414283791959,0.0005414580877822459,0.4469514052073163,chronos,True
karachi,42,nas_gru,chronos_cov,2.2378712635424867,0.026775384491888862,0.2918410960779021,chronos_cov,True
karachi,43,nas_gru,seasonal_naive,2.6369065901404016,0.009291549061957043,0.2260673867331612,seasonal_naive,True
karachi,43,nas_gru,lgbm_direct,5.319557717605575,3.924563693441255e-07,0.5337252388458796,lgbm_direct,True
karachi,43,nas_gru,chronos,3.5309957302683936,0.0005575461989461235,0.4735743337207372,chronos,True
karachi,43,nas_gru,chronos_cov,2.3722409510921376,0.01901196476646215,0.31846402459132306,chronos_cov,True
karachi,44,nas_gru,seasonal_naive,3.509074771571785,0.0006015742607954187,0.32844439877404114,seasonal_naive,True
karachi,44,nas_gru,lgbm_direct,5.577528834010795,1.1816583355642132e-07,0.6361022508867595,lgbm_direct,True
karachi,44,nas_gru,chronos,3.8638339437240656,0.00016870085444185706,0.5759513457616172,chronos,True
karachi,44,nas_gru,chronos_cov,2.7977218572851936,0.005856089663274453,0.420841036632203,chronos_cov,True
karachi,45,nas_gru,seasonal_naive,3.195620066004138,0.0017172517578135954,0.3326486772961088,seasonal_naive,True
karachi,45,nas_gru,lgbm_direct,5.175865964429088,7.544410768141993e-07,0.6403065294088273,lgbm_direct,True
karachi,45,nas_gru,chronos,3.7126708603350442,0.0002931211870477682,0.580155624283685,chronos,True
karachi,45,nas_gru,chronos_cov,2.7387528754331085,0.0069522670204748786,0.4250453151542707,chronos_cov,True
karachi,46,nas_gru,seasonal_naive,2.2652291247887955,0.025001231805481815,0.20490587817298056,seasonal_naive,True
karachi,46,nas_gru,lgbm_direct,4.9163259538551145,2.3872141304728837e-06,0.512563730285699,lgbm_direct,True
karachi,46,nas_gru,chronos,3.264928305371788,0.0013701986976436085,0.4524128251605567,chronos,True
karachi,46,nas_gru,chronos_cov,2.115355592506084,0.03613323512115129,0.2973025160311424,chronos_cov,True
krakow,42,nas_gru,seasonal_naive,-2.5691162812040544,0.011220049938911939,-4.110130788882573,nas_gru,True
krakow,42,nas_gru,lgbm_direct,-0.20714407361603113,0.8361920225032624,-0.0616184873586202,nas_gru,False
krakow,42,nas_gru,chronos,-0.9760488386089315,0.33068852551742056,-0.29810573177205196,nas_gru,False
krakow,42,nas_gru,chronos_cov,-0.5600873971194332,0.5762961739098037,-0.13469682343884046,nas_gru,False
krakow,43,nas_gru,seasonal_naive,-2.4555721905120507,0.015264965578336667,-3.773681920104557,nas_gru,True
krakow,43,nas_gru,lgbm_direct,1.1538307263867364,0.2504943527293736,0.2748303814193966,lgbm_direct,False
krakow,43,nas_gru,chronos,0.1352427264657517,0.8926101488299547,0.03834313700596491,chronos,False
krakow,43,nas_gru,chronos_cov,0.9963704490468461,0.3207531921676326,0.2017520453391764,chronos_cov,False
krakow,44,nas_gru,seasonal_naive,-2.45922477124944,0.015116910912020418,-4.174375623464584,nas_gru,True
krakow,44,nas_gru,lgbm_direct,-0.833072904703233,0.4061928571627873,-0.12586332194063113,nas_gru,False
krakow,44,nas_gru,chronos,-1.9335147731291251,0.05514839234972171,-0.36235056635406276,nas_gru,False
krakow,44,nas_gru,chronos_cov,-1.2447439984436508,0.21526196957213808,-0.19894165802085134,nas_gru,False
krakow,45,nas_gru,seasonal_naive,-2.2975406500690774,0.023039033838073007,-3.8797249595324197,nas_gru,True
krakow,45,nas_gru,lgbm_direct,0.4893288807576862,0.625358614169832,0.1687873419915334,lgbm_direct,False
krakow,45,nas_gru,chronos,-0.328951829525394,0.7426733629928794,-0.06769990242189834,nas_gru,False
krakow,45,nas_gru,chronos_cov,0.27406880546952417,0.7844272420113395,0.09570900591131316,chronos_cov,False
krakow,46,nas_gru,seasonal_naive,-2.20291899691539,0.029201161346976676,-3.692097247309155,nas_gru,True
krakow,46,nas_gru,lgbm_direct,1.2198638851661805,0.22452450687132347,0.35641505421479835,lgbm_direct,False
krakow,46,nas_gru,chronos,0.8013280300027672,0.4242712515667588,0.1199278098013666,chronos,False
krakow,46,nas_gru,chronos_cov,0.9156700873403718,0.36138149562279065,0.28333671813457806,chronos_cov,False
lagos,42,nas_gru,seasonal_naive,-1.9785267733930785,0.04979058223894957,-0.4090097347895305,nas_gru,True
lagos,42,nas_gru,lgbm_direct,2.2821233003005994,0.02395777011878243,0.20636457280592163,lgbm_direct,True
lagos,42,nas_gru,chronos,0.6743170914865749,0.5011983755686908,0.04154020415412053,chronos,False
lagos,42,nas_gru,chronos_cov,3.8584229566449455,0.00017211670329887353,0.23695752540435105,chronos_cov,True
lagos,43,nas_gru,seasonal_naive,-1.9228053855838698,0.05649234299201313,-0.40035023424360483,nas_gru,False
lagos,43,nas_gru,lgbm_direct,2.191305743290443,0.030048395330099398,0.21502407335184723,lgbm_direct,True
lagos,43,nas_gru,chronos,0.733875389083974,0.4642262211466014,0.05019970470004612,chronos,False
lagos,43,nas_gru,chronos_cov,3.504148578313855,0.0006119086856829401,0.2456170259502766,chronos_cov,True
lagos,44,nas_gru,seasonal_naive,-1.927776952683512,0.05586505944230322,-0.42037080658806697,nas_gru,False
lagos,44,nas_gru,lgbm_direct,2.113479628319613,0.03629607986702465,0.19500350100738512,lgbm_direct,True
lagos,44,nas_gru,chronos,0.4597874854716065,0.6463670440664939,0.03017913235558403,chronos,False
lagos,44,nas_gru,chronos_cov,3.8787717781864917,0.00015960222721891418,0.22559645360581448,chronos_cov,True
lagos,45,nas_gru,seasonal_naive,-1.792950886994385,0.07509450770354957,-0.39611693753136523,nas_gru,False
lagos,45,nas_gru,lgbm_direct,2.1580804860349505,0.03259123747672019,0.21925737006408685,lgbm_direct,True
lagos,45,nas_gru,chronos,0.8675871318891846,0.38707395688339674,0.05443300141228575,chronos,False
lagos,45,nas_gru,chronos_cov,3.9753965616475933,0.00011109828975676445,0.24985032266251622,chronos_cov,True
lagos,46,nas_gru,seasonal_naive,-1.960773149612144,0.05184869267819152,-0.4111406220330132,nas_gru,False
lagos,46,nas_gru,lgbm_direct,2.576522362985089,0.01099314709108425,0.20423368556243884,lgbm_direct,True
lagos,46,nas_gru,chronos,0.4696225206292708,0.6393400442187775,0.03940931691063776,chronos,False
lagos,46,nas_gru,chronos_cov,3.9817220551920482,0.00010847076952374693,0.23482663816086824,chronos_cov,True
lahore,42,nas_gru,seasonal_naive,-6.2475091843531745,4.50388539380953e-09,-1.1856512784957887,nas_gru,True
lahore,42,nas_gru,lgbm_direct,0.7777430710033618,0.438005332384938,0.21165371675023176,lgbm_direct,False
lahore,42,nas_gru,chronos,2.6169705187690595,0.009825091394516029,0.39896415869394924,chronos,True
lahore,42,nas_gru,chronos_cov,0.3382923256365051,0.7356390691038392,0.10672564318621881,chronos_cov,False
lahore,43,nas_gru,seasonal_naive,-7.4055073002480984,1.0338380774401719e-11,-1.389345943927765,nas_gru,True
lahore,43,nas_gru,lgbm_direct,0.04545526764269614,0.9638078443211642,0.007959051318255436,lgbm_direct,False
lahore,43,nas_gru,chronos,3.257974658066203,0.0014018129804883527,0.19526949326197302,chronos,True
lahore,43,nas_gru,chronos_cov,-0.3919942642862434,0.6956460329308051,-0.09696902224575742,nas_gru,False
lahore,44,nas_gru,seasonal_naive,-4.724449132083566,5.458329499037205e-06,-1.2030671026971607,nas_gru,True
lahore,44,nas_gru,lgbm_direct,0.6284125805422949,0.530736105892436,0.19423789254885973,lgbm_direct,False
lahore,44,nas_gru,chronos,1.9851433220855725,0.04904146351695265,0.38154833449257736,chronos,True
lahore,44,nas_gru,chronos_cov,0.241034000772235,0.8098740136348496,0.08930981898484686,chronos_cov,False
lahore,45,nas_gru,seasonal_naive,-5.872779584949838,2.872656815396236e-08,-1.2407031827502781,nas_gru,True
lahore,45,nas_gru,lgbm_direct,0.6474653479577547,0.518368892642366,0.15660181249574226,lgbm_direct,False
lahore,45,nas_gru,chronos,3.019105293637097,0.0030030796127683466,0.34391225443945983,chronos,True
lahore,45,nas_gru,chronos_cov,0.20812268681755788,0.8354293005429617,0.051673738931729364,chronos_cov,False
lahore,46,nas_gru,seasonal_naive,-3.51231178111585,0.0005948731028855154,-0.9624837941593596,nas_gru,True
lahore,46,nas_gru,lgbm_direct,1.4492262118233474,0.14946385806143458,0.43482120108666084,lgbm_direct,False
lahore,46,nas_gru,chronos,3.595166154369713,0.0004454538384715914,0.6221316430303785,chronos,True
lahore,46,nas_gru,chronos_cov,1.1039524838986443,0.27146793134449,0.329893127522648,chronos_cov,False
lima,42,nas_gru,seasonal_naive,-0.7887520581235326,0.43156263223313673,-0.23241116338306003,nas_gru,False
lima,42,nas_gru,lgbm_direct,4.043315904328524,8.580060336570228e-05,0.2783124163555322,lgbm_direct,True
lima,42,nas_gru,chronos,6.162588362033655,6.891242115659669e-09,0.19906225866741603,chronos,True
lima,42,nas_gru,chronos_cov,3.1790714077066067,0.001811415103038614,0.2285495375780534,chronos_cov,True
lima,43,nas_gru,seasonal_naive,-0.9802182225498467,0.3286338557589631,-0.28229083485073514,nas_gru,False
lima,43,nas_gru,lgbm_direct,4.965785041894281,1.922291485029327e-06,0.22843274488785723,lgbm_direct,True
lima,43,nas_gru,chronos,18.605717643487793,5.097362042608843e-40,0.14918258719974095,chronos,True
lima,43,nas_gru,chronos_cov,3.3846189771055473,0.00092016049518088,0.17866986611037833,chronos_cov,True
lima,44,nas_gru,seasonal_naive,-0.9208460549483817,0.3586816728502321,-0.26227270629670885,nas_gru,False
lima,44,nas_gru,lgbm_direct,3.1162078936207602,0.0022145433700969264,0.24845087344188346,lgbm_direct,True
lima,44,nas_gru,chronos,4.4506424541173315,1.7105837564890727e-05,0.16920071575376724,chronos,True
lima,44,nas_gru,chronos_cov,2.6234627323327775,0.009648387909014811,0.1986879946644046,chronos_cov,True
lima,45,nas_gru,seasonal_naive,-0.9223244638725034,0.3579128829704993,-0.2731422503789266,nas_gru,False
lima,45,nas_gru,lgbm_direct,3.8854983030116554,0.0001556592625533386,0.2375813293596657,lgbm_direct,True
lima,45,nas_gru,chronos,6.044325166738654,1.2395604204163242e-08,0.1583311716715495,chronos,True
lima,45,nas_gru,chronos_cov,2.9083961663611966,0.004213371682828653,0.18781845058218685,chronos_cov,True
lima,46,nas_gru,seasonal_naive,-1.0230632084993165,0.30800555178741096,-0.3062794698609246,nas_gru,False
lima,46,nas_gru,lgbm_direct,3.6726312068021496,0.00033841611275020096,0.20444410987766767,lgbm_direct,True
lima,46,nas_gru,chronos,5.83204408873341,3.500245031175764e-08,0.12519395218955146,chronos,True
lima,46,nas_gru,chronos_cov,2.871527673236234,0.0047066283952238094,0.15468123110018883,chronos_cov,True
los_angeles,42,nas_gru,seasonal_naive,-2.9598336381312604,0.0036041413253182168,-3.227033948898315,nas_gru,True
los_angeles,42,nas_gru,lgbm_direct,4.698354430960874,6.0979383632690575e-06,1.2696021016849703,lgbm_direct,True
los_angeles,42,nas_gru,chronos,0.20931410281149818,0.8345009332175921,0.13626004325019,chronos,False
los_angeles,42,nas_gru,chronos_cov,3.609789643571288,0.0004230699259201641,1.3208186843471401,chronos_cov,True
los_angeles,43,nas_gru,seasonal_naive,-2.983921622360595,0.00334764544824865,-3.2125556733873157,nas_gru,True
los_angeles,43,nas_gru,lgbm_direct,5.893685506370549,2.5948518273978552e-08,1.2840803771959703,lgbm_direct,True
los_angeles,43,nas_gru,chronos,0.21329121573043452,0.831403607948545,0.15073831876118987,chronos,False
los_angeles,43,nas_gru,chronos_cov,3.72050245119269,0.0002849605181464012,1.33529695985814,chronos_cov,True
los_angeles,44,nas_gru,seasonal_naive,-2.7640350327702157,0.006461295490750343,-3.27713154554367,nas_gru,True
los_angeles,44,nas_gru,lgbm_direct,3.6379860577575083,0.00038287346517187687,1.2195045050396152,lgbm_direct,True
los_angeles,44,nas_gru,chronos,0.12563355871612544,0.9001984533664509,0.0861624466048348,chronos,False
los_angeles,44,nas_gru,chronos_cov,3.197501775448453,0.001706837617229634,1.2707210877017847,chronos_cov,True
los_angeles,45,nas_gru,seasonal_naive,-2.8848207993849684,0.0045229951225532776,-3.290218146642049,nas_gru,True
los_angeles,45,nas_gru,lgbm_direct,3.986732170197159,0.00010643179353930355,1.2064179039412366,lgbm_direct,True
los_angeles,45,nas_gru,chronos,0.11491306906711929,0.9086752230548654,0.07307584550645628,chronos,False
los_angeles,45,nas_gru,chronos_cov,3.561466064010471,0.0005013634587704248,1.2576344866034062,chronos_cov,True
los_angeles,46,nas_gru,seasonal_naive,-2.925340652205347,0.00400296781772606,-3.1389087491565277,nas_gru,True
los_angeles,46,nas_gru,lgbm_direct,4.826825354584286,3.5202992277729504e-06,1.3577273014267577,lgbm_direct,True
los_angeles,46,nas_gru,chronos,0.36003317022316483,0.7193535167883944,0.22438524299197743,chronos,False
los_angeles,46,nas_gru,chronos_cov,3.8907377250810855,0.00015265237824510158,1.4089438840889275,chronos_cov,True
madrid,42,nas_gru,seasonal_naive,-5.40397266423933,2.6597455668091036e-07,-1.6248159925142924,nas_gru,True
madrid,42,nas_gru,lgbm_direct,-0.7316644442878729,0.4655707359817073,-0.17623517171194825,nas_gru,False
madrid,42,nas_gru,chronos,0.14264031585013193,0.8867750387482671,0.019845996300379407,chronos,False
madrid,42,nas_gru,chronos_cov,-3.9818417444447265,0.00010842162807647475,-1.4594523905436105,nas_gru,True
madrid,43,nas_gru,seasonal_naive,-7.180203187848105,3.498594490908797e-11,-1.9759553445710074,nas_gru,True
madrid,43,nas_gru,lgbm_direct,-1.618716772154412,0.10771170125493502,-0.5273745237686635,nas_gru,False
madrid,43,nas_gru,chronos,-2.7486495734414076,0.006756178102350559,-0.3312933557563358,nas_gru,True
madrid,43,nas_gru,chronos_cov,-5.594311980142137,1.0916178081978718e-07,-1.8105917426003257,nas_gru,True
madrid,44,nas_gru,seasonal_naive,-4.972800382515603,1.8639197711489655e-06,-1.757647434870402,nas_gru,True
madrid,44,nas_gru,lgbm_direct,-1.2532304316070682,0.2121671018228013,-0.30906661406805785,nas_gru,False
madrid,44,nas_gru,chronos,-0.6880316574596251,0.49254740687428034,-0.11298544605573019,nas_gru,False
madrid,44,nas_gru,chronos_cov,-4.35526514535989,2.5191526024576487e-05,-1.59228383289972,nas_gru,True
madrid,45,nas_gru,seasonal_naive,-6.699277199853886,4.460317324989674e-10,-1.950344420803918,nas_gru,True
madrid,45,nas_gru,lgbm_direct,-1.6732761122106903,0.09645913998700291,-0.5017636000015736,nas_gru,False
madrid,45,nas_gru,chronos,-2.3730623704435567,0.018971378009331578,-0.30568243198924594,nas_gru,True
madrid,45,nas_gru,chronos_cov,-5.493070119057162,1.7570529469850348e-07,-1.784980818833236,nas_gru,True
madrid,46,nas_gru,seasonal_naive,-8.00653950943347,3.721055351135813e-13,-1.790271614657508,nas_gru,True
madrid,46,nas_gru,lgbm_direct,-0.937717636027153,0.34997059677288156,-0.3416907938551639,nas_gru,False
madrid,46,nas_gru,chronos,-1.1220644873091983,0.26371555429210003,-0.14560962584283618,nas_gru,False
madrid,46,nas_gru,chronos_cov,-5.2722475965652995,4.872707211814971e-07,-1.624908012686826,nas_gru,True
manila,42,nas_gru,seasonal_naive,-3.40871344497146,0.0008482185243055887,-0.36761768923865445,nas_gru,True
manila,42,nas_gru,lgbm_direct,1.118262399199542,0.26533000742330354,0.12993223339330298,lgbm_direct,False
manila,42,nas_gru,chronos,-0.8864996579582898,0.37683676423753376,-0.04389748838212763,nas_gru,False
manila,42,nas_gru,chronos_cov,0.32601697770245314,0.7448881124583663,0.046386811867493716,chronos_cov,False
manila,43,nas_gru,seasonal_naive,-2.875383238843617,0.004652676946390766,-0.26119211249881336,nas_gru,True
manila,43,nas_gru,lgbm_direct,2.499980587317118,0.013549562912078851,0.2363578101331441,lgbm_direct,True
manila,43,nas_gru,chronos,1.864978177524082,0.06423383767155572,0.06252808835771345,chronos,False
manila,43,nas_gru,chronos_cov,1.2214686479717909,0.2239185248078754,0.15281238860733481,chronos_cov,False
manila,44,nas_gru,seasonal_naive,-3.323515865263161,0.0011290331738339785,-0.37320091724395776,nas_gru,True
manila,44,nas_gru,lgbm_direct,1.1149985339460768,0.2667213962024733,0.12434900538799964,lgbm_direct,False
manila,44,nas_gru,chronos,-0.8848695080875555,0.3777124484992078,-0.04948071638743098,nas_gru,False
manila,44,nas_gru,chronos_cov,0.3207987696095775,0.7488312260794245,0.04080358386219037,chronos_cov,False
manila,45,nas_gru,seasonal_naive,-1.9442827937560763,0.05382433901156224,-0.2343611876169843,nas_gru,False
manila,45,nas_gru,lgbm_direct,1.993449728338693,0.04811457329996454,0.26318873501497314,lgbm_direct,True
manila,45,nas_gru,chronos,1.4385733740395286,0.15245650240551695,0.08935901323954257,chronos,False
manila,45,nas_gru,chronos_cov,1.2102653627200888,0.2281737850251083,0.1796433134891639,chronos_cov,False
manila,46,nas_gru,seasonal_naive,-2.5628295674969603,0.011415946720489635,-0.24816523128085682,nas_gru,True
manila,46,nas_gru,lgbm_direct,2.516477468821554,0.012957543285733555,0.24938469135110056,lgbm_direct,True
manila,46,nas_gru,chronos,2.3411138742047575,0.020607592086555045,0.07555496957566997,chronos,True
manila,46,nas_gru,chronos_cov,1.344896520007432,0.18078779601324216,0.16583926982529132,chronos_cov,False
mexico_city,42,nas_gru,seasonal_naive,-2.2658649639900474,0.024961250724889927,-1.2561336517333983,nas_gru,True
mexico_city,42,nas_gru,lgbm_direct,0.7798337448005945,0.4367775419488953,0.44288328972045776,lgbm_direct,False
mexico_city,42,nas_gru,chronos,-1.2361468285325026,0.21843060537181416,-0.15143511030409068,nas_gru,False
mexico_city,42,nas_gru,chronos_cov,0.423514237303822,0.67255642220071,0.22550019348613848,chronos_cov,False
mexico_city,43,nas_gru,seasonal_naive,-2.2964347490371795,0.023103890958650175,-1.2134283396932812,nas_gru,True
mexico_city,43,nas_gru,lgbm_direct,0.7675851114901084,0.4439992767430698,0.4855886017605747,lgbm_direct,False
mexico_city,43,nas_gru,chronos,-1.2068372501606508,0.22948741685103993,-0.10872979826397361,nas_gru,False
mexico_city,43,nas_gru,chronos_cov,0.4413257710998373,0.6596437388569962,0.2682055055262556,chronos_cov,False
mexico_city,44,nas_gru,seasonal_naive,-2.200595010506882,0.029369023597729575,-1.194366383552551,nas_gru,True
mexico_city,44,nas_gru,lgbm_direct,0.8186540731397237,0.41434596486946074,0.5046505579013048,lgbm_direct,False
mexico_city,44,nas_gru,chronos,-0.8989263543187557,0.37020304591550635,-0.08966784212324355,nas_gru,False
mexico_city,44,nas_gru,chronos_cov,0.4873554662120477,0.6267527193092715,0.28726746166698564,chronos_cov,False
mexico_city,45,nas_gru,seasonal_naive,-2.371911371954032,0.019028270996601104,-1.2839061856269833,nas_gru,True
mexico_city,45,nas_gru,lgbm_direct,0.7055610501323841,0.4816089272787176,0.4151107558268725,lgbm_direct,False
mexico_city,45,nas_gru,chronos,-1.4870836547190114,0.1391943495618846,-0.17920764419767585,nas_gru,False
mexico_city,45,nas_gru,chronos_cov,0.3585874444327507,0.7204325848592861,0.19772765959255334,chronos_cov,False
mexico_city,46,nas_gru,seasonal_naive,-2.3073613051118316,0.022470062687059367,-1.2277909305360581,nas_gru,True
mexico_city,46,nas_gru,lgbm_direct,0.7714632913155484,0.4417052986791067,0.4712260109177977,lgbm_direct,False
mexico_city,46,nas_gru,chronos,-1.3465785508644965,0.18024642416450054,-0.12309238910675058,nas_gru,False
mexico_city,46,nas_gru,chronos_cov,0.43397748517461326,0.6649588345003608,0.2538429146834787,chronos_cov,False
mumbai,42,nas_gru,seasonal_naive,-0.9438000109844245,0.34686371157904494,-0.21098438633812794,nas_gru,False
mumbai,42,nas_gru,lgbm_direct,3.2177700542165306,0.0015983257781807827,0.5828280124230769,lgbm_direct,True
mumbai,42,nas_gru,chronos,2.2324968808237498,0.027136542797238306,0.44638988441891136,chronos,True
mumbai,42,nas_gru,chronos_cov,2.852018465795209,0.0049885006600785394,0.5513250428805804,chronos_cov,True
mumbai,43,nas_gru,seasonal_naive,-1.1394177771505734,0.2564339674927654,-0.2751087400648329,nas_gru,False
mumbai,43,nas_gru,lgbm_direct,2.8210076662049848,0.005468429123124255,0.5187036586963719,lgbm_direct,True
mumbai,43,nas_gru,chronos,2.006551240716883,0.046682855344184884,0.3822655306922065,chronos,True
mumbai,43,nas_gru,chronos_cov,2.574755774321102,0.011046893333659382,0.48720068915387543,chronos_cov,True
mumbai,44,nas_gru,seasonal_naive,-0.6226630336139869,0.5344976620732742,-0.14643760257297092,nas_gru,False
mumbai,44,nas_gru,lgbm_direct,3.1593096128324967,0.001930137342091359,0.6473747961882339,lgbm_direct,True
mumbai,44,nas_gru,chronos,2.5034165312594983,0.013424303520324416,0.5109366681840685,chronos,True
mumbai,44,nas_gru,chronos_cov,2.855196252526013,0.004941560215856078,0.6158718266457374,chronos_cov,True
mumbai,45,nas_gru,seasonal_naive,-0.8306180003581358,0.4075741024555226,-0.19665576352013478,nas_gru,False
mumbai,45,nas_gru,lgbm_direct,3.0578930582846744,0.002661300239906625,0.59715663524107,lgbm_direct,True
mumbai,45,nas_gru,chronos,2.476024245743797,0.014452286094760734,0.4607185072369046,chronos,True
mumbai,45,nas_gru,chronos_cov,2.7550065846857335,0.006632886549977852,0.5656536656985734,chronos_cov,True
mumbai,46,nas_gru,seasonal_naive,-1.3109509735797802,0.19197564725717406,-0.30387603706783717,nas_gru,False
mumbai,46,nas_gru,lgbm_direct,2.6228382785403013,0.009665258835654169,0.48993636169336763,lgbm_direct,True
mumbai,46,nas_gru,chronos,1.8765055325598403,0.06262366878566869,0.3534982336892022,chronos,False
mumbai,46,nas_gru,chronos_cov,2.3117945147249377,0.022217288565147247,0.4584333921508711,chronos_cov,True
nairobi,42,nas_gru,seasonal_naive,-1.9636661888804037,0.05150848772541252,-0.33729290432400166,nas_gru,False
nairobi,42,nas_gru,lgbm_direct,1.3169203345743432,0.18997182433276158,0.18792866503632644,lgbm_direct,False
nairobi,42,nas_gru,chronos,0.4789799932683271,0.6326844722111955,0.042624574237399654,chronos,False
nairobi,42,nas_gru,chronos_cov,0.8142782558358641,0.416839481546076,0.06184685605164465,chronos_cov,False
nairobi,43,nas_gru,seasonal_naive,-1.7260283408972439,0.08650219850605971,-0.34616846243540433,nas_gru,False
nairobi,43,nas_gru,lgbm_direct,1.3624967288281171,0.17518318769959462,0.17905310692492382,lgbm_direct,False
nairobi,43,nas_gru,chronos,0.2834070858402272,0.7772746793584718,0.03374901612599701,chronos,False
nairobi,43,nas_gru,chronos_cov,0.6342345585485185,0.5269410449960908,0.05297129794024201,chronos_cov,False
nairobi,44,nas_gru,seasonal_naive,-1.3835590397159097,0.1686495096485349,-0.28853536314434464,nas_gru,False
nairobi,44,nas_gru,lgbm_direct,1.256958941121472,0.21081769273400544,0.23668620621598346,lgbm_direct,False
nairobi,44,nas_gru,chronos,0.5951747626512911,0.552667340596765,0.09138211541705668,chronos,False
nairobi,44,nas_gru,chronos_cov,0.9130812764113073,0.36273665637717345,0.11060439723130168,chronos_cov,False
nairobi,45,nas_gru,seasonal_naive,-1.5809874215508843,0.11609025507505394,-0.3009480807516309,nas_gru,False
nairobi,45,nas_gru,lgbm_direct,1.3818700494570064,0.1691665341876097,0.22427348860869722,lgbm_direct,False
nairobi,45,nas_gru,chronos,0.6907531703802767,0.49084038158576915,0.07896939780977043,chronos,False
nairobi,45,nas_gru,chronos_cov,1.0922418479961427,0.2765635431524623,0.09819167962401543,chronos_cov,False
nairobi,46,nas_gru,seasonal_naive,-1.9223121075586997,0.056554903782279606,-0.4306478301684062,nas_gru,False
nairobi,46,nas_gru,lgbm_direct,0.49167305291136765,0.6237043479945523,0.094573739191922,lgbm_direct,False
nairobi,46,nas_gru,chronos,-0.3065452110733633,0.7596354514801854,-0.05073035160700479,nas_gru,False
nairobi,46,nas_gru,chronos_cov,-0.24581125208026902,0.8061808015626941,-0.03150806979275979,nas_gru,False
new_york,42,nas_gru,seasonal_naive,-2.1171579921873716,0.03597736944624301,-1.4831754604975385,nas_gru,True
new_york,42,nas_gru,lgbm_direct,0.9898886577481983,0.3239005404936668,0.1255096820112877,lgbm_direct,False
new_york,42,nas_gru,chronos,-0.6578518556893116,0.5116909278241655,-0.17254063818189838,nas_gru,False
new_york,42,nas_gru,chronos_cov,-1.7213455802232063,0.08735072132692381,-0.34463794608990944,nas_gru,False
new_york,43,nas_gru,seasonal_naive,-2.3401496653071816,0.020658849601839422,-1.6993606223000421,nas_gru,True
new_york,43,nas_gru,lgbm_direct,-0.5264036537567878,0.5994232928119341,-0.09067547979121612,nas_gru,False
new_york,43,nas_gru,chronos,-1.7116957578803347,0.08912068743887673,-0.3887257999844022,nas_gru,False
new_york,43,nas_gru,chronos_cov,-2.5929089947783766,0.010505684296400327,-0.5608231078924133,nas_gru,True
new_york,44,nas_gru,seasonal_naive,-2.324398741663019,0.021512219056851578,-1.714956127272712,nas_gru,True
new_york,44,nas_gru,lgbm_direct,-0.470979649371107,0.6383729383294982,-0.10627098476388588,nas_gru,False
new_york,44,nas_gru,chronos,-1.5229084042103076,0.12998997933484466,-0.40432130495707197,nas_gru,False
new_york,44,nas_gru,chronos_cov,-2.616859511191103,0.009828137947383252,-0.576418612865083,nas_gru,True
new_york,45,nas_gru,seasonal_naive,-2.2686018559541505,0.024789795043121482,-1.7572388543023003,nas_gru,True
new_york,45,nas_gru,lgbm_direct,-0.9783272900799088,0.32956466739140533,-0.14855371179347437,nas_gru,False
new_york,45,nas_gru,chronos,-2.2063778919245505,0.028952869331564046,-0.4466040319866605,nas_gru,True
new_york,45,nas_gru,chronos_cov,-3.387095586177604,0.0009125104490505841,-0.6187013398946717,nas_gru,True
new_york,46,nas_gru,seasonal_naive,-2.1191397276391597,0.035806664365448354,-1.5455828428268434,nas_gru,True
new_york,46,nas_gru,lgbm_direct,0.3576591115503309,0.7211257755448743,0.06310229968198272,lgbm_direct,False
new_york,46,nas_gru,chronos,-1.0828788167535746,0.2806847673205721,-0.23494802051120336,nas_gru,False
new_york,46,nas_gru,chronos_cov,-1.842083118174138,0.06753437573807805,-0.40704532841921437,nas_gru,False
paris,42,nas_gru,seasonal_naive,-0.15600763673598728,0.8762470199582562,-0.10328841739230686,nas_gru,False
paris,42,nas_gru,lgbm_direct,2.502962914519963,0.013440780924891496,0.8701159794266093,lgbm_direct,True
paris,42,nas_gru,chronos,1.6984150073303768,0.09160426137823242,0.8074935343530444,chronos,False
paris,42,nas_gru,chronos_cov,0.5250410737437528,0.6003677133299814,0.4418210818194774,chronos_cov,False
paris,43,nas_gru,seasonal_naive,-0.06696047153198884,0.9467067009613439,-0.04602824317084417,nas_gru,False
paris,43,nas_gru,lgbm_direct,2.582467626659864,0.010813990309140483,0.9273761536480721,lgbm_direct,True
paris,43,nas_gru,chronos,1.6309764021265603,0.10509579669274256,0.8647537085745071,chronos,False
paris,43,nas_gru,chronos_cov,0.5785945524323355,0.5637729482335594,0.4990812560409401,chronos_cov,False
paris,44,nas_gru,seasonal_naive,0.059184003238551136,0.9528881779384927,0.044295785162183986,seasonal_naive,False
paris,44,nas_gru,lgbm_direct,2.509947171181891,0.013189072545862343,1.0177001819811002,lgbm_direct,True
paris,44,nas_gru,chronos,1.816357139843612,0.07141001545154813,0.9550777369075352,chronos,False
paris,44,nas_gru,chronos_cov,0.6509181937521348,0.516143858215643,0.5894052843739682,chronos_cov,False
paris,45,nas_gru,seasonal_naive,0.2234647936479356,0.8234926963551039,0.1833229270246294,seasonal_naive,False
paris,45,nas_gru,lgbm_direct,2.335007400121219,0.020934114665556638,1.1567273238435456,lgbm_direct,True
paris,45,nas_gru,chronos,1.671911344896622,0.0967285499546538,1.0941048787699805,chronos,False
paris,45,nas_gru,chronos_cov,0.7163912377054168,0.4749181288912595,0.7284324262364136,chronos_cov,False
paris,46,nas_gru,seasonal_naive,-0.13627661207544228,0.8917942742868257,-0.09854340354601539,nas_gru,False
paris,46,nas_gru,lgbm_direct,2.155678867274862,0.032782055931871036,0.8748609932729008,lgbm_direct,True
paris,46,nas_gru,chronos,1.4864588908962244,0.13935925550212055,0.8122385481993359,chronos,False
paris,46,nas_gru,chronos_cov,0.48658173131692495,0.627299687265668,0.4465660956657687,chronos_cov,False
santiago,42,nas_gru,seasonal_naive,-0.9655873233542882,0.3358808485713818,-0.6732337752978008,nas_gru,False
santiago,42,nas_gru,lgbm_direct,3.0732006860993915,0.002536592081383109,1.2798704528173448,lgbm_direct,True
santiago,42,nas_gru,chronos,0.07212065659905241,0.9426066601396605,0.03733284870783477,chronos,False
santiago,42,nas_gru,chronos_cov,2.129001177857647,0.03496754878263188,1.0400549806298354,chronos_cov,True
santiago,43,nas_gru,seasonal_naive,-1.703114620537307,0.09071905781068142,-1.2348727014329701,nas_gru,False
santiago,43,nas_gru,lgbm_direct,1.5298343800619414,0.12826684593696225,0.7182315266821759,lgbm_direct,False
santiago,43,nas_gru,chronos,-0.9793086469348953,0.3290813792117606,-0.5243060774273344,nas_gru,False
santiago,43,nas_gru,chronos_cov,0.9087052308191322,0.36503467823710445,0.4784160544946661,chronos_cov,False
santiago,44,nas_gru,seasonal_naive,-1.216572960348858,0.2257709112201585,-0.8778193791707357,nas_gru,False
santiago,44,nas_gru,lgbm_direct,2.9703357673404263,0.0034901679084957263,1.07528484894441,lgbm_direct,True
santiago,44,nas_gru,chronos,-0.42092955652786124,0.6744384674826991,-0.16725275516510016,nas_gru,False
santiago,44,nas_gru,chronos_cov,2.0624728959519913,0.04097234280512711,0.8354693767569003,chronos_cov,True
santiago,45,nas_gru,seasonal_naive,-1.0717794802117984,0.2856245837647345,-0.7790119899643793,nas_gru,False
santiago,45,nas_gru,lgbm_direct,3.0128264135125447,0.003062068685438563,1.1740922381507666,lgbm_direct,True
santiago,45,nas_gru,chronos,-0.14729433883297252,0.8831071689488381,-0.06844536595874369,nas_gru,False
santiago,45,nas_gru,chronos_cov,2.059115151820502,0.04129750956948248,0.9342767659632568,chronos_cov,True
santiago,46,nas_gru,seasonal_naive,-0.9903953415169674,0.3236537811914999,-0.8289812048276267,nas_gru,False
santiago,46,nas_gru,lgbm_direct,2.30675522835372,0.022504815722440084,1.1241230232875192,lgbm_direct,True
santiago,46,nas_gru,chronos,-0.2772771182550732,0.7819677573207788,-0.11841458082199104,nas_gru,False
santiago,46,nas_gru,chronos_cov,1.7492706591010805,0.0823896730077869,0.8843075511000096,chronos_cov,False
seoul,42,nas_gru,seasonal_naive,-5.417562881300128,2.497411279660695e-07,-2.43266859319475,nas_gru,True
seoul,42,nas_gru,lgbm_direct,2.9158716448429853,0.004119327504992412,0.7369667335105485,lgbm_direct,True
seoul,42,nas_gru,chronos,-1.269738798598091,0.20624006647914295,-0.4300101094775729,nas_gru,False
seoul,42,nas_gru,chronos_cov,-1.9177713554407152,0.05713353372949098,-0.9251493664836785,nas_gru,False
seoul,43,nas_gru,seasonal_naive,-4.421496812375794,1.9265387455964257e-05,-2.4110054439968533,nas_gru,True
seoul,43,nas_gru,lgbm_direct,2.5083010540510275,0.013248015260322505,0.7586298827084448,lgbm_direct,True
seoul,43,nas_gru,chronos,-1.0202443376257648,0.3093355369070869,-0.40834696027967665,nas_gru,False
seoul,43,nas_gru,chronos_cov,-2.080618690074656,0.03925277557023825,-0.9034862172857822,nas_gru,True
seoul,44,nas_gru,seasonal_naive,-5.600582937951608,1.0597261941668169e-07,-2.3325376033782965,nas_gru,True
seoul,44,nas_gru,lgbm_direct,4.684697689865318,6.4609821328358145e-06,0.8370977233270023,lgbm_direct,True
seoul,44,nas_gru,chronos,-1.0631612966667048,0.2895008728612847,-0.32987911966111927,nas_gru,False
seoul,44,nas_gru,chronos_cov,-1.7061761347946804,0.09014615009563708,-0.8250183766672249,nas_gru,False
seoul,45,nas_gru,seasonal_naive,-4.583414314789119,9.886699892146539e-06,-2.26649788485633,nas_gru,True
seoul,45,nas_gru,lgbm_direct,3.542590320851228,0.0005355029204646633,0.903137441848968,lgbm_direct,True
seoul,45,nas_gru,chronos,-0.7229707488941077,0.47087867384199156,-0.2638394011391534,nas_gru,False
seoul,45,nas_gru,chronos_cov,-1.734674336711315,0.08495321125362114,-0.7589786581452589,nas_gru,False
seoul,46,nas_gru,seasonal_naive,-5.456637021083073,2.0826900067373424e-07,-2.4094697687360975,nas_gru,True
seoul,46,nas_gru,lgbm_direct,3.9690634506430174,0.00011378968556940369,0.7601655579692006,lgbm_direct,True
seoul,46,nas_gru,chronos,-1.224273326339463,0.22286227612192838,-0.4068112850189209,nas_gru,False
seoul,46,nas_gru,chronos_cov,-1.8767059598108304,0.06259597369323566,-0.9019505420250264,nas_gru,False
sydney,42,nas_gru,seasonal_naive,-0.18865261731324995,0.8506325596344656,-0.18590454392962977,nas_gru,False
sydney,42,nas_gru,lgbm_direct,3.6057651274927927,0.00042912197760788557,1.9479357099769612,lgbm_direct,True
sydney,42,nas_gru,chronos,1.427444615055421,0.15563184174115496,0.8557443751229181,chronos,False
sydney,42,nas_gru,chronos_cov,1.6606234289449326,0.09898021268553701,1.226296467115905,chronos_cov,False
sydney,43,nas_gru,seasonal_naive,-0.2398819998638755,0.8107652500046358,-0.2320011960135565,nas_gru,False
sydney,43,nas_gru,lgbm_direct,3.640547155566568,0.00037940681926037237,1.9018390578930346,lgbm_direct,True
sydney,43,nas_gru,chronos,1.36556725740207,0.174218976274065,0.8096477230389915,chronos,False
sydney,43,nas_gru,chronos_cov,1.6705033922475807,0.09700712187429482,1.1801998150319781,chronos_cov,False
sydney,44,nas_gru,seasonal_naive,-0.46126282754029396,0.6453108773387757,-0.44694239033593075,nas_gru,False
sydney,44,nas_gru,lgbm_direct,3.126151755681444,0.0021456808383276097,1.6868978635706602,lgbm_direct,True
sydney,44,nas_gru,chronos,1.0512913378210855,0.2948981146480025,0.5947065287166171,chronos,False
sydney,44,nas_gru,chronos_cov,1.3460706253326382,0.18040977466295524,0.9652586207096038,chronos_cov,False
sydney,45,nas_gru,seasonal_naive,-0.29057404443676255,0.7717980930072953,-0.2901600201924642,nas_gru,False
sydney,45,nas_gru,lgbm_direct,3.330461579278981,0.001103232514792986,1.843680233714127,lgbm_direct,True
sydney,45,nas_gru,chronos,1.2361467137257593,0.21843064791075656,0.7514888988600837,chronos,False
sydney,45,nas_gru,chronos_cov,1.5103287502415448,0.13316608767660798,1.1220409908530704,chronos_cov,False
sydney,46,nas_gru,seasonal_naive,-0.6339019896436215,0.5271574527711294,-0.4153798209296331,nas_gru,False
sydney,46,nas_gru,lgbm_direct,5.238786705196639,5.674496160854172e-07,1.718460432976958,lgbm_direct,True
sydney,46,nas_gru,chronos,2.05401575373713,0.04179556284663799,0.6262690981229146,chronos,True
sydney,46,nas_gru,chronos_cov,2.4719131620587027,0.01461247763606525,0.9968211901159015,chronos_cov,True
toronto,42,nas_gru,seasonal_naive,-2.306729724223629,0.022506279188866683,-1.2461497730678983,nas_gru,True
toronto,42,nas_gru,lgbm_direct,1.5434816829621931,0.12492405212867073,0.8620729994372847,lgbm_direct,False
toronto,42,nas_gru,chronos,0.011039225565569192,0.9912075372605982,0.008297639422946467,chronos,False
toronto,42,nas_gru,chronos_cov,-0.9763511174444678,0.3305392808907095,-0.506170644211863,nas_gru,False
toronto,43,nas_gru,seasonal_naive,-2.2816772497088276,0.023984822003854385,-1.3168136861589224,nas_gru,True
toronto,43,nas_gru,lgbm_direct,1.5283672198578842,0.1286303590309026,0.791409086346261,lgbm_direct,False
toronto,43,nas_gru,chronos,-0.0789789981007388,0.9371597401541316,-0.06236627366807731,nas_gru,False
toronto,43,nas_gru,chronos_cov,-1.0487838975545292,0.2960469025963382,-0.5768345573028868,nas_gru,False
toronto,44,nas_gru,seasonal_naive,-3.0962720383517275,0.002358806982864389,-1.4846151749293013,nas_gru,True
toronto,44,nas_gru,lgbm_direct,1.1741725026100698,0.24227766041242674,0.6236075975758818,lgbm_direct,False
toronto,44,nas_gru,chronos,-0.33078780712109773,0.741288957652168,-0.2301677624384563,nas_gru,False
toronto,44,nas_gru,chronos_cov,-1.6256137294512607,0.10623372193497888,-0.7446360460732657,nas_gru,False
toronto,45,nas_gru,seasonal_naive,-2.8391490047605776,0.005182796273842868,-1.4373179170820451,nas_gru,True
toronto,45,nas_gru,lgbm_direct,1.4331823597377433,0.15398842875036875,0.670904855423138,lgbm_direct,False
toronto,45,nas_gru,chronos,-0.2548121940450838,0.799234243341129,-0.18287050459120013,nas_gru,False
toronto,45,nas_gru,chronos_cov,-1.3857477331789192,0.16798130231619837,-0.6973387882260096,nas_gru,False
toronto,46,nas_gru,seasonal_naive,-2.6088575910950222,0.010050000378606743,-1.3550650199254357,nas_gru,True
toronto,46,nas_gru,lgbm_direct,1.4086300225708785,0.1611151835330424,0.7531577525797475,lgbm_direct,False
toronto,46,nas_gru,chronos,-0.14011376775710982,0.8887672619691067,-0.10061760743459071,nas_gru,False
toronto,46,nas_gru,chronos_cov,-1.2394088413815474,0.21722436999944564,-0.6150858910694,nas_gru,False
vienna,42,nas_gru,seasonal_naive,1.8095113829368303,0.07247181769910079,0.7436403989791871,seasonal_naive,False
vienna,42,nas_gru,lgbm_direct,10.41260511229553,3.019530981437519e-19,3.3098656081515037,lgbm_direct,True
vienna,42,nas_gru,chronos,7.938129444963733,5.459025506394319e-13,3.1797234164343937,chronos,True
vienna,42,nas_gru,chronos_cov,8.33853266142876,5.701521679993202e-14,2.927285972580992,chronos_cov,True
vienna,43,nas_gru,seasonal_naive,2.292187399973974,0.02335447436125929,1.034602697690328,seasonal_naive,True
vienna,43,nas_gru,lgbm_direct,9.842284706904339,9.000431786752204e-18,3.6008279068626448,lgbm_direct,True
vienna,43,nas_gru,chronos,7.373336569015224,1.2316036826387818e-11,3.4706857151455353,chronos,True
vienna,43,nas_gru,chronos_cov,8.341391880121675,5.609541034914467e-14,3.218248271292133,chronos_cov,True
vienna,44,nas_gru,seasonal_naive,3.045492027152458,0.0027664546769722996,1.2576140456729468,seasonal_naive,True
vienna,44,nas_gru,lgbm_direct,10.265831083240661,7.25246936147606e-19,3.823839254845263,lgbm_direct,True
vienna,44,nas_gru,chronos,7.798380062900249,1.1899478414921125e-12,3.6936970631281536,chronos,True
vienna,44,nas_gru,chronos_cov,8.215320328236961,1.1471763978646039e-13,3.4412596192747515,chronos_cov,True
vienna,45,nas_gru,seasonal_naive,3.08421805407653,0.0024502027533560788,1.44022323290507,seasonal_naive,True
vienna,45,nas_gru,lgbm_direct,11.490418160673453,4.68343914766784e-22,4.006448442077387,lgbm_direct,True
vienna,45,nas_gru,chronos,8.695219943212884,7.398401595714593e-15,3.8763062503602774,chronos,True
vienna,45,nas_gru,chronos_cov,10.648005196165245,7.384061668734185e-20,3.6238688065068754,chronos_cov,True
vienna,46,nas_gru,seasonal_naive,3.5118813351135727,0.0005957601339693605,1.4329205910364788,seasonal_naive,True
vienna,46,nas_gru,lgbm_direct,10.657005685722547,6.996496376408444e-20,3.9991458002087956,lgbm_direct,True
vienna,46,nas_gru,chronos,8.121122274543175,1.9532428542836937e-13,3.869003608491686,chronos,True
vienna,46,nas_gru,chronos_cov,8.39832891819472,4.0561099882739945e-14,3.616566164638284,chronos_cov,True
