city,tier,model,seed,n_hours,MAE,RMSE,MASE,nRMSE,RMSE_pct_mean,usd_per_1k,measured_j_per_1k,measured_usd_per_1k,measured_cpu_j_per_1k,measured_gpu_j_per_1k,energy_source,n_params
accra,scarce,seasonal_naive,,8160,0.6659722222222223,0.8605150266620051,1.1242791660505693,0.40197209955537333,3.0310942452319836,4.844913645582791e-10,,,,,tdp_proxy,0
accra,scarce,lgbm_direct,,8160,0.4952868022612833,0.6235476269096585,0.8361319202535171,0.29127759655043933,2.1963958385311226,1.3531305030617794e-05,,,,,tdp_proxy,0
accra,scarce,chronos,,8160,0.4618520524766709,0.5896694959013181,0.7796881357372157,0.2754521164269138,2.0770628754137572,7.348580557138322e-05,,,,,tdp_proxy,47718016
accra,scarce,chronos_cov,,8160,0.6775664269244598,0.8117617869761813,1.1438522388585544,0.37919801483932053,2.8593649207350627,3.038625867096319e-05,,,,,tdp_proxy,47718016
accra,scarce,timesfm,,8160,0.46446194383833134,0.5923167875345963,0.7840940950034734,0.2766887448912557,2.0863877450400397,0.00017387494443028118,,,,,tdp_proxy,231289280
accra,scarce,timesfm_cov,,8160,0.6641067972317247,0.7976533777942196,1.1211299979882012,0.3726075583283421,2.8096691960169182,0.0002109752725967458,,,,,tdp_proxy,231289280
addis_ababa,scarce,seasonal_naive,,3610,4.201388888888889,4.857654326478527,2.856698778308948,1.3448622240901607,32.000650670795004,6.003456628941758e-10,,,,,tdp_proxy,0
addis_ababa,scarce,lgbm_direct,,3610,0.7382887488092732,1.012207082037005,0.501993179526988,0.2802338281190408,6.668091852936033,1.3467781458260745e-05,,,,,tdp_proxy,0
addis_ababa,scarce,chronos,,3610,1.4386230296558804,2.0850385799015867,0.9781795401358185,0.5772517831488052,13.735557688175513,3.148660763246072e-05,,,,,tdp_proxy,47718016
addis_ababa,scarce,chronos_cov,,3610,1.7839576906359769,2.2946320512890424,1.2129869169864946,0.6352786255588231,15.116291476536993,2.9003722211200508e-05,,,,,tdp_proxy,47718016
addis_ababa,scarce,timesfm,,3610,1.3602208799786037,2.1813135366441747,0.9248706627328739,0.6039059136708679,14.369785867457853,0.0001417029079655347,,,,,tdp_proxy,231289280
addis_ababa,scarce,timesfm_cov,,3610,1.6656558541860695,2.1022240347826844,1.1325485856166195,0.5820096492957257,13.848769889231281,0.00017022021526322026,,,,,tdp_proxy,231289280
amsterdam,rich,seasonal_naive,,11043,2.8388888888888886,3.4694099722511256,1.272968233090199,0.7619836828176121,15.28888931065159,4.502607798376293e-10,,,,,tdp_proxy,0
amsterdam,rich,lgbm_direct,,11043,2.0922301287510123,2.8171464319004005,0.9381636951831039,0.618727573387105,12.41451437383045,1.387820303935533e-05,,,,,tdp_proxy,0
amsterdam,rich,chronos,,11043,1.60437464316686,2.3791907384164417,0.7194074987296097,0.5225397215907037,10.48454467460194,3.0455626745404316e-05,,,,,tdp_proxy,47718016
amsterdam,rich,chronos_cov,,11043,2.569249728478379,3.2731670269735016,1.1520610405110514,0.7188830047871648,14.424091926559482,2.67069930285086e-05,,,,,tdp_proxy,47718016
amsterdam,rich,timesfm,,11043,1.7301654073927137,2.58160823378471,0.7758125406818938,0.566996511022064,11.376551876396187,0.00013402594964847796,,,,,tdp_proxy,231289280
amsterdam,rich,timesfm_cov,,11043,2.6754852768763735,3.3183301695831497,1.1996974516664358,0.7288021489668847,14.623115476328108,0.0001567693749792751,,,,,tdp_proxy,231289280
bangkok,rich,seasonal_naive,,18164,2.5034722222222223,3.026744217068161,2.5074292677436674,1.2041598714866426,9.512454816949633,4.370951703296871e-10,,,,,tdp_proxy,0
bangkok,rich,lgbm_direct,,18164,1.0382262971188945,1.2655218675218884,1.0398673413784605,0.5034751997758176,3.977283417864902,1.4573444622362364e-05,,,,,tdp_proxy,0
bangkok,rich,chronos,,18164,0.6667640288670857,1.023322913082641,0.66781793135934,0.4071187715691867,3.21610029646872,2.772661109500202e-05,,,,,tdp_proxy,47718016
bangkok,rich,chronos_cov,,18164,1.133722326744339,1.379801594323366,1.1355143142150943,0.5489402444805505,4.336441859983079,2.6952746546966307e-05,,,,,tdp_proxy,47718016
bangkok,rich,timesfm,,18164,0.9637883636686535,1.2837433915258334,0.9653117496260541,0.5107244505975916,4.034550042116153,0.000152590265614789,,,,,tdp_proxy,231289280
bangkok,rich,timesfm_cov,,18164,1.1306276941655602,1.3676120499434308,1.1324147901891974,0.5440907563370689,4.2981325474552925,0.00016707319271113698,,,,,tdp_proxy,231289280
berlin,rich,seasonal_naive,,19312,5.020833333333333,6.188441286427104,2.1446049174195108,1.0759796903982601,22.015849624367,4.66056445913165e-10,,,,,tdp_proxy,0
berlin,rich,lgbm_direct,,19312,2.664400722911921,3.4844830460100904,1.1380753976430884,0.6058444793306818,12.396312933899575,1.6937456622380756e-05,,,,,tdp_proxy,0
berlin,rich,chronos,,19312,2.8366472509172223,3.9517395829007755,1.2116489911970016,0.6870860263746661,14.058613532072824,2.0432343763887832e-05,,,,,tdp_proxy,47718016
berlin,rich,chronos_cov,,19312,3.3221395649669168,4.252711383262076,1.4190227745823,0.7394157697757427,15.129343557816513,2.6865125002788978e-05,,,,,tdp_proxy,47718016
berlin,rich,timesfm,,19312,3.258392151196798,4.315025789812033,1.3917936259593942,0.750250329362505,15.351031789236673,0.00015063196700389704,,,,,tdp_proxy,231289280
berlin,rich,timesfm_cov,,19312,3.155807020300556,4.106318979736388,1.3479752871363162,0.7139626312984173,14.608541470020997,0.0001630449479044829,,,,,tdp_proxy,231289280
bogota,scarce,seasonal_naive,,5175,1.098611111111111,1.3922902794396799,0.8426516695006562,0.31521435493518724,10.147272003204469,4.3972829223127547e-10,,,,,tdp_proxy,0
bogota,scarce,lgbm_direct,,5175,0.665483255398821,0.8950112372279262,0.5104359226982487,0.20263043847155385,6.523009320823027,1.2884707382976626e-05,,,,,tdp_proxy,0
bogota,scarce,chronos,,5175,1.0307495276133218,1.3831246217383133,0.7906007881186756,0.3131392511134068,10.080470975317194,3.3513399282835754e-05,,,,,tdp_proxy,47718016
bogota,scarce,chronos_cov,,5175,0.9960285657915536,1.2538914737949858,0.7639692747925534,0.2838808816722342,9.138595618305393,2.54469930546798e-05,,,,,tdp_proxy,47718016
bogota,scarce,timesfm,,5175,0.9776643262969122,1.3477492369640152,0.7498836198116761,0.3051302681758099,9.822648553639953,0.00016475763888795173,,,,,tdp_proxy,231289280
bogota,scarce,timesfm_cov,,5175,0.9514372833736802,1.226910970647512,0.7297670733087236,0.27777249894411493,8.941956664300118,0.00017484751910362519,,,,,tdp_proxy,231289280
delhi,scarce,seasonal_naive,,2530,7.842361111111111,8.68654371235572,5.671664710485133,1.7998211828693782,53.48536770766766,4.5289390173921773e-10,,,,,tdp_proxy,0
delhi,scarce,lgbm_direct,,2530,1.5746927432510656,2.0272912966585306,1.1388316777584253,0.4200475978015009,12.482573511729953,1.306719186545201e-05,,,,,tdp_proxy,0
delhi,scarce,chronos,,2530,1.8603970487912496,2.7401452966030537,1.3454555509016937,0.5677484293265146,16.87180581993585,2.1044187489880843e-05,,,,,tdp_proxy,47718016
delhi,scarce,chronos_cov,,2530,2.941515139116999,3.577814956011708,2.127329687260977,0.7413106247375834,22.029561451476717,2.3892045153641244e-05,,,,,tdp_proxy,47718016
delhi,scarce,timesfm,,2530,1.6975707239574855,2.664931906473261,1.2276981169588428,0.5521644804886738,16.40869690563773,0.00014553449652440677,,,,,tdp_proxy,231289280
delhi,scarce,timesfm_cov,,2530,2.353365943634861,2.979482903663947,1.7019750027144953,0.6173383363493441,18.345471335682575,0.00016430858160068357,,,,,tdp_proxy,231289280
dhaka,scarce,seasonal_naive,,9395,1.6006944444444444,1.9426678391668848,1.3157076360184659,0.5344607577794006,6.318903319103509,4.318289265265102e-10,,,,,tdp_proxy,0
dhaka,scarce,lgbm_direct,,9395,0.9228967138567776,1.197307954308033,0.7585846617335812,0.329399655284973,3.8944759644091342,1.4691447079173857e-05,,,,,tdp_proxy,0
dhaka,scarce,chronos,,9395,0.9628310759862266,1.3748784988549556,0.7914091307480148,0.3782523134102802,4.472058544760987,1.958792013182473e-05,,,,,tdp_proxy,47718016
dhaka,scarce,chronos_cov,,9395,1.73792736994017,2.182509020466377,1.4285076826573146,0.6004451205817446,7.0990332033872825,2.8270763885100477e-05,,,,,tdp_proxy,47718016
dhaka,scarce,timesfm,,9395,1.149933825598823,1.5274983478613435,0.9452002038911365,0.4202406134724838,4.968484156491462,0.00018999409721598366,,,,,tdp_proxy,231289280
dhaka,scarce,timesfm_cov,,9395,1.754269350834049,2.2187589018431875,1.4419401457512981,0.6104180756487169,7.216942961880667,0.00020068940452700997,,,,,tdp_proxy,231289280
hanoi,scarce,seasonal_naive,,6062,0.9854166666666667,1.220854664205003,0.558047409955354,0.510035342924528,4.0555277317935925,4.607932674439831e-10,,,,,tdp_proxy,0
hanoi,scarce,lgbm_direct,,6062,0.5975927330178801,0.8109373004698924,0.33842037398944874,0.3387845386205616,2.6938331049773807,1.3498075292773137e-05,,,,,tdp_proxy,0
hanoi,scarce,chronos,,6062,0.6979757467905681,0.9867975662754455,0.39526788097230997,0.412253521953923,3.2780190902596167,2.58176163252857e-05,,,,,tdp_proxy,47718016
hanoi,scarce,chronos_cov,,6062,1.088390014901419,1.3410222052212755,0.6163618389889278,0.5602376272648533,4.454709394723376,2.47470781283078e-05,,,,,tdp_proxy,47718016
hanoi,scarce,timesfm,,6062,0.6336211151546902,0.9300573708493262,0.3588234643941797,0.38854922210541454,3.0895352004037684,0.0001606297048642268,,,,,tdp_proxy,231289280
hanoi,scarce,timesfm_cov,,6062,1.2314274387268893,1.5065852661231176,0.6973647960045625,0.6294047566689852,5.004689342815957,0.00015754666667918272,,,,,tdp_proxy,231289280
jakarta,scarce,seasonal_naive,,7024,0.629861111111111,0.7801798225765362,0.6476487811055951,0.2805006371686018,2.850405806338388,4.3972829223127547e-10,,,,,tdp_proxy,0
jakarta,scarce,lgbm_direct,,7024,0.4389579109447066,0.5586717339273387,0.45135435569040416,0.20086109996690274,2.041120659804556,1.3698838769549318e-05,,,,,tdp_proxy,0
jakarta,scarce,chronos,,7024,0.4365381134880916,0.5686217944443864,0.44886622164679807,0.20443847819962963,2.077473445983449,2.686479688943816e-05,,,,,tdp_proxy,47718016
jakarta,scarce,chronos_cov,,7024,0.7463678066013071,0.9663704403233166,0.7674456982255591,0.3474423670127673,3.5306577207732683,3.1423243061807525e-05,,,,,tdp_proxy,47718016
jakarta,scarce,timesfm,,7024,0.45102257463667134,0.6172574523946828,0.4637597329977381,0.22192461748367137,2.255164995809467,0.00016228977431536704,,,,,tdp_proxy,231289280
jakarta,scarce,timesfm_cov,,7024,0.7315359146532795,0.9508101610567373,0.7521949444130485,0.34184792824045634,3.4738078650268984,0.00018331191668241646,,,,,tdp_proxy,231289280
kampala,scarce,seasonal_naive,,2836,3.4,4.4029346274199135,2.5722954771019424,1.5888807374771803,20.125145579877717,5.924493625234053e-10,,,,,tdp_proxy,0
kampala,scarce,lgbm_direct,,2836,0.8973590724214431,1.1156223241872425,0.6789037303900213,0.40259303650832456,5.099340232445496,1.2861767787432688e-05,,,,,tdp_proxy,0
kampala,scarce,chronos,,2836,1.4809411366780598,2.2599062331232296,1.1204171140385832,0.8155291382144025,10.32968821640887,2.9007027763630806e-05,,,,,tdp_proxy,47718016
kampala,scarce,chronos_cov,,2836,1.3214902991240218,1.618325892858826,0.9997833880796513,0.5840029561444399,7.39712190742988,2.938468750370602e-05,,,,,tdp_proxy,47718016
kampala,scarce,timesfm,,2836,1.3577291462156509,1.912778478504739,1.0272001593941178,0.6902616406408068,8.743019962693069,0.0001685573142357397,,,,,tdp_proxy,231289280
kampala,scarce,timesfm_cov,,2836,1.1593035355579207,1.4659290475292832,0.8770797767952736,0.5290077239898594,6.7005390694583795,0.00016670158505803558,,,,,tdp_proxy,231289280
karachi,scarce,seasonal_naive,,5214,0.5375000000000001,0.62449979983984,0.4924960505529226,0.5097670048663381,1.9924220932078647,5.977156063265823e-10,,,,,tdp_proxy,0
karachi,scarce,lgbm_direct,,5214,0.3699495523495775,0.46184030672025495,0.3389743133692811,0.3769912335339646,1.4734685757774832,1.3857272512756967e-05,,,,,tdp_proxy,0
karachi,scarce,chronos,,5214,0.28999305301242395,0.3870538969422421,0.2657124340398197,0.31594454604579975,1.2348678666153288,2.904962329113106e-05,,,,,tdp_proxy,47718016
karachi,scarce,chronos_cov,,5214,1.1075363955694353,1.4021421639875353,1.0148042803005883,1.144541297717055,4.473434620897421,3.025989411576625e-05,,,,,tdp_proxy,47718016
karachi,scarce,timesfm,,5214,0.30007015864054365,0.40153002325564496,0.2749458009660589,0.3277611255783195,1.2810529156710506,0.00016904715624453578,,,,,tdp_proxy,231289280
karachi,scarce,timesfm_cov,,5214,1.103197127442069,1.3926873241834667,1.010828331621485,1.1368234964148816,4.4432696285015885,0.00017248081424541955,,,,,tdp_proxy,231289280
krakow,rich,seasonal_naive,,9344,5.197222222222223,6.4046315706335175,2.0187488300207046,2.6356289654030034,474.9057395320425,5.740144438782913e-10,,,,,tdp_proxy,0
krakow,rich,lgbm_direct,,9344,1.4582300629512288,1.8892331351396374,0.5664180032357948,0.7774557394065094,140.08731795062192,1.3817852342105685e-05,,,,,tdp_proxy,0
krakow,rich,chronos,,9344,1.3851971651117008,1.955215176073621,0.5380499499252844,0.8046086171894248,144.9799100693107,2.68262361290302e-05,,,,,tdp_proxy,47718016
krakow,rich,chronos_cov,,9344,1.7745719099836823,2.1672488810592707,0.6892941679017528,0.891864561319653,160.70228572221163,3.3988147554029834e-05,,,,,tdp_proxy,47718016
krakow,rich,timesfm,,9344,1.5000214432676633,1.9888414802989696,0.5826509631731283,0.8184464875553257,147.4733126483273,0.0001857719791829974,,,,,tdp_proxy,231289280
krakow,rich,timesfm_cov,,9344,1.8474506500004004,2.2171848459330317,0.7176023419323075,0.9124141704556572,164.40505551717638,0.00019684302603814604,,,,,tdp_proxy,231289280
lagos,scarce,seasonal_naive,,3378,0.9333333333333331,1.1919288755812754,1.1560425991665377,0.8971766999018145,4.602041990661294,4.765919988535138e-10,,,,,tdp_proxy,0
lagos,scarce,lgbm_direct,,3378,0.46892017426259297,0.665994454730982,0.5808125325601649,0.5013006390646061,2.5714071611234823,1.3231249914126778e-05,,,,,tdp_proxy,0
lagos,scarce,chronos,,3378,0.4827833943896821,0.7282405152431941,0.5979837536621698,0.5481538668840937,2.8117394410934136,2.2450397557097154e-05,,,,,tdp_proxy,47718016
lagos,scarce,chronos_cov,,3378,0.5885905124613379,0.731020739239796,0.7290382562898959,0.5502465690925562,2.822473896678749,2.7617868031989525e-05,,,,,tdp_proxy,47718016
lagos,scarce,timesfm,,3378,0.539728996488783,0.7566709370470149,0.6685175485140429,0.5695537276755602,2.921509409447934,0.00016305914237212465,,,,,tdp_proxy,231289280
lagos,scarce,timesfm_cov,,3378,0.582554083501392,0.7321798709478544,0.7215614323350318,0.5511190590388042,2.8269493086789743,0.0001723160954720192,,,,,tdp_proxy,231289280
lahore,scarce,seasonal_naive,,5563,2.328472222222222,2.546061773711619,2.11804209052249,0.5717538534366242,14.344009992741517,8.1362853692284e-10,,,,,tdp_proxy,0
lahore,scarce,lgbm_direct,,5563,0.9728350073915129,1.230410704089785,0.8849173604581373,0.27630596737150726,6.931891290646676,1.3509974272555729e-05,,,,,tdp_proxy,0
lahore,scarce,chronos,,5563,0.7438567850324843,1.094012057792956,0.6766324996206801,0.24567573976706725,6.163448212918062,2.6002362830897457e-05,,,,,tdp_proxy,47718016
lahore,scarce,chronos_cov,,5563,1.7448276981620046,2.143308564517247,1.5871430503429464,0.48130997586913066,12.07497782826618,3.002176044699607e-05,,,,,tdp_proxy,47718016
lahore,scarce,timesfm,,5563,0.8593353258238898,1.199605970656705,0.7816749423065058,0.26938833276173274,6.758343496657493,0.00016319994443822198,,,,,tdp_proxy,231289280
lahore,scarce,timesfm_cov,,5563,1.7584794535179133,2.2058176254862807,1.599561060820965,0.4953472615519713,12.427141552035383,0.00016367043921895354,,,,,tdp_proxy,231289280
lima,scarce,seasonal_naive,,5227,0.7409722222222224,1.1482776957977836,1.3695938882799499,0.6849289357442592,7.17642412199474,5.950824844249939e-10,,,,,tdp_proxy,0
lima,scarce,lgbm_direct,,5227,0.29973122523600837,0.3880496387925927,0.5540154433573132,0.23146528673928088,2.425204981820812,1.2925757437692986e-05,,,,,tdp_proxy,0
lima,scarce,chronos,,5227,0.3094988001717462,0.40106913451983645,0.5720695762034578,0.239231203803613,2.5065732985051183,2.3323477459295343e-05,,,,,tdp_proxy,47718016
lima,scarce,chronos_cov,,5227,0.6071258256196457,0.7531587385060222,1.12219567110332,0.4492469157062367,4.707037817146268,2.819303472076879e-05,,,,,tdp_proxy,47718016
lima,scarce,timesfm,,5227,0.3645829280217489,0.46843235736742417,0.6738856532195936,0.279412268629788,2.9275751686519276,0.00017512563541863022,,,,,tdp_proxy,231289280
lima,scarce,timesfm_cov,,5227,0.6475612485019209,0.8090151246767413,1.1969354607859763,0.48256433994467485,5.056125079356396,0.00016618533508840807,,,,,tdp_proxy,231289280
los_angeles,rich,seasonal_naive,,8195,5.611805555555556,7.2195000211618225,3.6188763361674594,1.2888589909165205,28.89324929955539,6.135143377361128e-10,,,,,tdp_proxy,0
los_angeles,rich,lgbm_direct,,8195,1.4852353078617102,2.039930079842897,0.9577813871223899,0.3641778816455303,8.164029112514305,1.3541639957448179e-05,,,,,tdp_proxy,0
los_angeles,rich,chronos,,8195,2.2485115634070505,3.9328362918277766,1.4499941610338136,0.702108373109928,15.73965220597537,2.5762369787116765e-05,,,,,tdp_proxy,47718016
los_angeles,rich,chronos_cov,,8195,2.273386475341622,2.7687285940900046,1.466035206874248,0.49428640923063344,11.080762556598224,3.275783680186982e-05,,,,,tdp_proxy,47718016
los_angeles,rich,timesfm,,8195,2.333518730269538,3.6040926299098874,1.5048126007530493,0.6434195133374051,14.423983177427637,0.00018218090625547726,,,,,tdp_proxy,231289280
los_angeles,rich,timesfm_cov,,8195,2.110696993598463,2.651943435629604,1.3611218933613065,0.47343737521912377,10.613375246120535,0.00017714497741609295,,,,,tdp_proxy,231289280
madrid,rich,seasonal_naive,,6431,3.4027777777777777,3.8594400860458733,1.6611919169873355,1.5312879413010116,64.48072541949249,6.108781505005296e-10,,,,,tdp_proxy,0
madrid,rich,lgbm_direct,,6431,2.0190555033085884,2.7197911617561212,0.9856766739071089,1.0791159639742405,45.440297864355664,1.27995660300089e-05,,,,,tdp_proxy,0
madrid,rich,chronos,,6431,1.7581157889631058,2.1491529304961725,0.8582892943601603,0.8527071007992334,35.90648822269971,2.247300175440614e-05,,,,,tdp_proxy,47718016
madrid,rich,chronos_cov,,6431,3.187279710374403,3.930027666498323,1.5559885592968243,1.5592945713671862,65.6600515112842,2.8425748265969256e-05,,,,,tdp_proxy,47718016
madrid,rich,timesfm,,6431,1.7193826529714797,2.1240084752326314,0.839380280421883,0.842730679277662,35.48639290329491,0.00016117711459527425,,,,,tdp_proxy,231289280
madrid,rich,timesfm_cov,,6431,3.310448306257804,4.056108927610736,1.6161178681351482,1.6093191113162608,67.76652576585983,0.00016326063544814436,,,,,tdp_proxy,231289280
manila,scarce,seasonal_naive,,10992,0.9222222222222225,1.1531358212379939,1.0501097575515304,0.46360066239067427,4.301630958454773,6.135143377361128e-10,,,,,tdp_proxy,0
manila,scarce,lgbm_direct,,10992,0.5334122005102534,0.6973898180434898,0.6073821938524883,0.2803749355755606,2.601526703234613,1.3732366056299523e-05,,,,,tdp_proxy,0
manila,scarce,chronos,,10992,0.5985020213656956,0.7474651362146615,0.6814982304763713,0.3005069531974359,2.7883265016038354,2.392727604173059e-05,,,,,tdp_proxy,47718016
manila,scarce,chronos_cov,,10992,0.8593309680429069,1.0613743631981425,0.9784971699484971,0.42670936828141837,3.959326156689615,2.8936092011362134e-05,,,,,tdp_proxy,47718016
manila,scarce,timesfm,,10992,0.5218618233998618,0.6510255813826052,0.5942300886280065,0.26173490165124125,2.428570636731132,0.00016039065970188757,,,,,tdp_proxy,231289280
manila,scarce,timesfm_cov,,10992,0.8332173100838904,1.0294699594538255,0.9487622466649867,0.4138826895531784,3.840310713469532,0.00016687251390572379,,,,,tdp_proxy,231289280
mexico_city,rich,seasonal_naive,,3371,2.7506944444444446,3.946579039004681,1.8336054746213435,0.8014827174694996,19.43329850966605,6.029787847957643e-10,,,,,tdp_proxy,0
mexico_city,rich,lgbm_direct,,3371,1.1792930207349248,1.5776954601722901,0.7861135370268396,0.3204029698280369,7.768709693092933,1.3952693490864475e-05,,,,,tdp_proxy,0
mexico_city,rich,chronos,,3371,1.6459959030151365,2.541754598265055,1.097216415683139,0.5161868956441432,12.515820754690461,2.1958428824291332e-05,,,,,tdp_proxy,47718016
mexico_city,rich,chronos_cov,,3371,2.466717602062515,2.9937757871375714,1.6443072797931813,0.607984669673447,14.741612411017993,2.8192791677510186e-05,,,,,tdp_proxy,47718016
mexico_city,rich,timesfm,,3371,1.5694191151195103,2.4676542676947975,1.0461705360515694,0.5011383855993993,12.150944280811474,0.00017011011113532328,,,,,tdp_proxy,231289280
mexico_city,rich,timesfm_cov,,3371,2.4831470526250388,2.9600610271294214,1.6552591070880331,0.6011377784283704,14.5755979998166,0.00016635507292651005,,,,,tdp_proxy,231289280
mumbai,scarce,seasonal_naive,,3348,1.5791666666666666,1.9194544942653773,1.5556846344485749,0.5238178228291993,8.265099191860962,4.370951703296871e-10,,,,,tdp_proxy,0
mumbai,scarce,lgbm_direct,,3348,1.009868672231284,1.2619789628868352,0.9948520376999638,0.3443931985731352,5.434034168282527,1.336662558050092e-05,,,,,tdp_proxy,0
mumbai,scarce,chronos,,3348,0.9217923959096272,1.1844856421241623,0.9080854457845771,0.32324532417080726,5.100350830269702,2.3108798603870025e-05,,,,,tdp_proxy,47718016
mumbai,scarce,chronos_cov,,3348,1.0379248935060081,1.3138223673923564,1.0224910660932793,0.35854122831662183,5.657269927172397,2.8976597202725116e-05,,,,,tdp_proxy,47718016
mumbai,scarce,timesfm,,3348,0.9830738809373644,1.2573179897901918,0.9684556819643181,0.34312122219284413,5.413964192625669,0.00015994532116464042,,,,,tdp_proxy,231289280
mumbai,scarce,timesfm_cov,,3348,1.1080297728737722,1.395866503522698,1.091553493723233,0.38093101713010763,6.010548905785195,0.00017938780902922088,,,,,tdp_proxy,231289280
nairobi,scarce,seasonal_naive,,13576,1.0479166666666666,1.298155743096079,1.1172622550188986,0.31816242668201355,6.349243495884634,6.609074666307101e-10,,,,,tdp_proxy,0
nairobi,scarce,lgbm_direct,,13576,0.7287003195562511,0.9263456720840413,0.7769218566302116,0.2270362308560275,4.530730819241286,1.3740433886629977e-05,,,,,tdp_proxy,0
nairobi,scarce,chronos,,13576,0.6679991881052652,0.8550491374404019,0.7122038450130723,0.2095623040203014,4.182021458848512,2.2821373289237575e-05,,,,,tdp_proxy,47718016
nairobi,scarce,chronos_cov,,13576,1.3310396886246083,1.5739917263278147,1.4191208626949179,0.38576652292236185,7.698349588723773,2.7869163188572403e-05,,,,,tdp_proxy,47718016
nairobi,scarce,timesfm,,13576,0.7682675096723768,0.961595684185317,0.8191073943357264,0.2356755866886059,4.703137644273,0.00015540428994225095,,,,,tdp_proxy,231289280
nairobi,scarce,timesfm_cov,,13576,1.3101723930707792,1.5504759695806953,1.3968726797732953,0.38000309255453607,7.583334679017055,0.00017485231945910424,,,,,tdp_proxy,231289280
new_york,rich,seasonal_naive,,13421,2.670138888888889,3.409718544917682,0.9198735292214788,1.0120547398369149,15.841247635687893,4.3446204842809865e-10,,,,,tdp_proxy,0
new_york,rich,lgbm_direct,,13421,1.3110947411425742,1.6497025661783478,0.4516773834114691,0.48965604621839137,7.664370689778418,1.3895958045463042e-05,,,,,tdp_proxy,0
new_york,rich,chronos,,13421,1.3595040665732487,1.842881358885511,0.4683545896858124,0.5469943602814887,8.56186209645148,2.3486677053167818e-05,,,,,tdp_proxy,47718016
new_york,rich,chronos_cov,,13421,2.0368583019992537,2.470067472135382,0.7017058335732473,0.7331524464439195,11.475712727455882,2.980189235838932e-05,,,,,tdp_proxy,47718016
new_york,rich,timesfm,,13421,1.2284932136535645,1.5767860851703714,0.423220826740734,0.46801335951442696,7.325607235506808,0.0001373917951281732,,,,,tdp_proxy,231289280
new_york,rich,timesfm_cov,,13421,2.0243969513965845,2.4758977644728843,0.6974128484384877,0.7348829631763341,11.502799744607046,0.0001386517222272232,,,,,tdp_proxy,231289280
paris,rich,seasonal_naive,,4457,2.435416666666667,2.971075843304352,1.0526556568913972,0.9598031983400852,41.217237132545925,4.0023146370744885e-10,,,,,tdp_proxy,0
paris,rich,lgbm_direct,,4457,1.7665622486351333,2.2588790064710262,0.7635579446131298,0.729728694055445,31.33704980075412,1.3297006361595034e-05,,,,,tdp_proxy,0
paris,rich,chronos,,4457,1.5246347149213155,1.9259244992371738,0.6589900526350421,0.6221680601978521,26.718027735082178,2.2928402769240263e-05,,,,,tdp_proxy,47718016
paris,rich,chronos_cov,,4457,2.364832608817619,2.8494449912101323,1.022147239667315,0.9205104683614977,39.52987271042958,2.9887520860130383e-05,,,,,tdp_proxy,47718016
paris,rich,timesfm,,4457,1.9585300313101872,2.474234953723836,0.8465318254851751,0.7992992260297888,34.324646756862464,0.00013297953471515532,,,,,tdp_proxy,231289280
paris,rich,timesfm_cov,,4457,2.095858827866507,2.527797184843717,0.9058891980972941,0.8166024533623891,35.067706610548676,0.00014574319615348938,,,,,tdp_proxy,231289280
santiago,rich,seasonal_naive,,16288,3.252777777777778,4.304390523381653,1.379245542198958,0.7160138454085517,22.120275342313192,4.212964389201564e-10,,,,,tdp_proxy,0
santiago,rich,lgbm_direct,,16288,2.097317080481744,2.593728812181868,0.889306135080772,0.431453821550157,13.329179863466292,1.4748759172141067e-05,,,,,tdp_proxy,0
santiago,rich,chronos,,16288,2.542211153772142,3.2380205045434627,1.0779504905386257,0.5386285236843353,16.640196732959513,1.673006075482893e-05,,,,,tdp_proxy,47718016
santiago,rich,chronos_cov,,16288,2.931457762429019,3.558627375469528,1.2429991617001812,0.5919598739113188,18.28779636942336,2.4297559031967668e-05,,,,,tdp_proxy,47718016
santiago,rich,timesfm,,16288,2.474017001522912,3.2156564387722684,1.0490347493108172,0.5349083731439002,16.525267734313783,0.00014434676909028587,,,,,tdp_proxy,231289280
santiago,rich,timesfm_cov,,16288,3.0388794884789285,3.7635082003103677,1.2885482114391016,0.6260407749001806,19.340679520527207,0.0001643419288080218,,,,,tdp_proxy,231289280
seoul,rich,seasonal_naive,,19536,4.291666666666667,5.011403662315247,1.8868537002272276,1.2521539588180572,19.990086630841983,4.5289390173921773e-10,,,,,tdp_proxy,0
seoul,rich,lgbm_direct,,19536,1.7341736132354626,2.2399408397360645,0.7624385007308164,0.5596736920405996,8.934944069861311,1.4000081424017952e-05,,,,,tdp_proxy,0
seoul,rich,chronos,,19536,2.2890081829494897,2.6448287217798083,1.0063744217123063,0.6608393531089616,10.550009305714472,2.302763020553458e-05,,,,,tdp_proxy,47718016
seoul,rich,chronos_cov,,19536,3.2938274747870913,4.245785256406921,1.4481484796999133,1.0608558350785742,16.93609631364534,2.9865001747061293e-05,,,,,tdp_proxy,47718016
seoul,rich,timesfm,,19536,1.9243644369973074,2.4217729389046267,0.846056891308906,0.6051064286860697,9.660257706433969,0.00015217942880756,,,,,tdp_proxy,231289280
seoul,rich,timesfm_cov,,19536,2.5512815498625887,3.273339964293239,1.1216842794593433,0.817879754063464,13.057090162277742,0.0001660181736163698,,,,,tdp_proxy,231289280
sydney,rich,seasonal_naive,,7277,2.9840277777777775,3.6571182492351664,1.3448537113582153,1.314767862831263,22.29289370062498,4.449945360344524e-10,,,,,tdp_proxy,0
sydney,rich,lgbm_direct,,7277,1.728854246119629,2.357125301514877,0.7791670260599501,0.8474083646998118,14.368456310296839,1.308270873633538e-05,,,,,tdp_proxy,0
sydney,rich,chronos,,7277,1.94237885872523,2.632081491034535,0.8753991623247194,0.9462576599728295,16.044521640307032,2.3766057294980987e-05,,,,,tdp_proxy,47718016
sydney,rich,chronos_cov,,7277,1.9592110422732227,2.453229684545522,0.8829851589040268,0.8819587799926023,14.954285000827799,2.7642708343288783e-05,,,,,tdp_proxy,47718016
sydney,rich,timesfm,,7277,2.0913659095764157,2.6783825038387814,0.9425452491586516,0.9629033026627516,16.326761230698235,0.00016088464583946107,,,,,tdp_proxy,231289280
sydney,rich,timesfm_cov,,7277,1.9496064104815396,2.4801922403683583,0.8786565045907304,0.8916520683906664,15.118642112053656,0.00016268097218320084,,,,,tdp_proxy,231289280
toronto,rich,seasonal_naive,,13518,3.5250000000000004,4.132509998643547,1.0379538135780142,1.0136754153073062,16.362326151521096,5.740144438782913e-10,,,,,tdp_proxy,0
toronto,rich,lgbm_direct,,13518,2.1277209569072237,2.710479361599511,0.6265180372912664,0.664861378061546,10.731915314425185,1.4910895054089011e-05,,,,,tdp_proxy,0
toronto,rich,chronos,,13518,2.2705525875091555,3.4747074546801637,0.6685755225913632,0.8523211131613574,13.757812243227573,2.443002432806275e-05,,,,,tdp_proxy,47718016
toronto,rich,chronos_cov,,13518,3.753418991234475,4.740494303643912,1.1052129236618342,1.1628096565006394,18.769588928063,2.8844411465090363e-05,,,,,tdp_proxy,47718016
toronto,rich,timesfm,,13518,2.3138616376452976,3.3666450152266316,0.6813280881945548,0.8258141626087548,13.32994809295375,0.00015742651218412598,,,,,tdp_proxy,231289280
toronto,rich,timesfm_cov,,13518,3.5924340731733215,4.511911172271905,1.0578101124192476,1.106739834358208,17.86453322354627,0.00016635250864257815,,,,,tdp_proxy,231289280
vienna,rich,seasonal_naive,,5960,3.7666666666666666,4.081989574813842,1.7541636514700758,0.8575828883885013,13.090584120731204,5.977125409925874e-10,,,,,tdp_proxy,0
vienna,rich,lgbm_direct,,5960,1.9850420045899442,2.38677636498912,0.9244482825910554,0.501436500880364,7.654183385485007,1.2891137414549626e-05,,,,,tdp_proxy,0
vienna,rich,chronos,,5960,1.3305836492114598,1.6643791870625828,0.619662337881545,0.3496684850499475,5.337518716722979,2.3395385412893825e-05,,,,,tdp_proxy,47718016
vienna,rich,chronos_cov,,5960,3.057045594450906,3.8614007739336826,1.4236880343378344,0.8112395115773074,12.383175098466701,2.620774479712256e-05,,,,,tdp_proxy,47718016
vienna,rich,timesfm,,5960,1.9080292595757378,2.260112239036689,0.8885828955103862,0.4748257060709616,7.247982594064611,0.0001525031423524423,,,,,tdp_proxy,231289280
vienna,rich,timesfm_cov,,5960,2.9964937040719923,3.809547103208943,1.3954885851881467,0.8003456031293182,12.216884904395872,0.00016114382813813992,,,,,tdp_proxy,231289280
