city,model_a,model_b,dm_stat,p_value,mean_loss_diff,better,significant_5pct,p_value_fdr,significant_5pct_fdr
accra,seasonal_naive,lgbm_direct,1.1770983718518346,0.2411117506627631,1.5472193488582697,lgbm_direct,False,0.26893233727769733,False
accra,seasonal_naive,chronos,1.5139580014178686,0.13224360693537635,2.1370238926675587,chronos,False,0.1743211182329961,False
accra,seasonal_naive,chronos_cov,0.8519176278945855,0.39568427479220725,1.1478985719815527,chronos_cov,False,0.47809322202744586,False
accra,seasonal_naive,nas_gru,-0.48169431323823536,0.6307594709497223,-0.6008098589049445,seasonal_naive,False,0.6774823947237758,False
accra,lgbm_direct,chronos,0.9450545890306686,0.34622508518609607,0.5898045438092887,chronos,False,0.7581354396840408,False
accra,lgbm_direct,chronos_cov,-0.6981173715627572,0.4862374564486972,-0.39932077687671697,lgbm_direct,False,0.8932688041549087,False
accra,lgbm_direct,nas_gru,-3.2939418001195016,0.0012453272021336465,-2.148029207763214,lgbm_direct,True,0.007222897772375149,True
accra,chronos,chronos_cov,-2.6940636700330716,0.007903615816894327,-0.9891253206860058,chronos,True,0.05730121467248388,False
accra,chronos,nas_gru,-2.4905936985626953,0.01389710324416259,-2.737833751572503,chronos,True,0.10910002176959668,False
accra,chronos_cov,nas_gru,-1.8087318024988217,0.07259355767808433,-1.7487084308864973,chronos_cov,False,0.2542498574565465,False
addis_ababa,seasonal_naive,lgbm_direct,2.9846715595287683,0.003339936408903659,6.853606320212239,lgbm_direct,True,0.013011299211568034,True
addis_ababa,seasonal_naive,chronos,4.120499146427116,6.373200116609351e-05,6.881578178317458,chronos,True,0.000462057008454178,True
addis_ababa,seasonal_naive,chronos_cov,4.296940970053509,3.18295772695328e-05,6.664321977425195,chronos_cov,True,0.00046152887040822553,True
addis_ababa,seasonal_naive,nas_gru,2.5953094058652497,0.010435933191403434,5.051029090528135,nas_gru,True,0.03746655328525976,True
addis_ababa,lgbm_direct,chronos,0.023370170464002485,0.9813875782851429,0.027971858105219936,chronos,False,0.9991610171487316,False
addis_ababa,lgbm_direct,chronos_cov,-0.12294087505225641,0.9023265355773115,-0.18928434278704356,lgbm_direct,False,0.9766530829522736,False
addis_ababa,lgbm_direct,nas_gru,-1.027238272664408,0.30604272931191073,-1.8025772296841036,lgbm_direct,False,0.682710703849647,False
addis_ababa,chronos,chronos_cov,-0.3008456769431388,0.7639691469615475,-0.2172562008922633,chronos,False,0.8205594541438843,False
addis_ababa,chronos,nas_gru,-1.2687466158484955,0.20659282413158708,-1.8305490877893236,chronos,False,0.5197095186915621,False
addis_ababa,chronos_cov,nas_gru,-0.9975597210370399,0.32017792002585466,-1.6132928868970602,chronos_cov,False,0.5461858635735168,False
amsterdam,seasonal_naive,lgbm_direct,1.7724016100450812,0.07845727863468975,3.137066434577004,lgbm_direct,False,0.14220381752537517,False
amsterdam,seasonal_naive,chronos,1.6682075815491841,0.09746275188303889,3.1670175522187396,chronos,False,0.1433069878294903,False
amsterdam,seasonal_naive,chronos_cov,1.582858970476272,0.11566278266850676,2.9348962349034573,chronos_cov,False,0.20963879358666848,False
amsterdam,seasonal_naive,nas_gru,0.8825560103508671,0.3789573868273791,1.315498535573167,nas_gru,False,0.47781583556495627,False
amsterdam,lgbm_direct,chronos,0.12706962935850874,0.8990637931318894,0.029951117641735674,chronos,False,0.965661111141659,False
amsterdam,lgbm_direct,chronos_cov,-0.9231257866461353,0.3574966240098092,-0.20217019967354688,lgbm_direct,False,0.8932688041549087,False
amsterdam,lgbm_direct,nas_gru,-4.615505974559276,8.64574450719659e-06,-1.8215678990038373,lgbm_direct,True,0.00012536329535435054,True
amsterdam,chronos,chronos_cov,-1.9757292562141426,0.050110218616222814,-0.23212131731528254,chronos,False,0.24219938997841028,False
amsterdam,chronos,nas_gru,-3.1419157602864303,0.002040566974320123,-1.8515190166455728,chronos,True,0.029588221127641784,True
amsterdam,chronos_cov,nas_gru,-2.9099272495535105,0.004193951341485133,-1.61939769933029,chronos_cov,True,0.04054152963435629,True
bangkok,seasonal_naive,lgbm_direct,1.6580111389801195,0.09950727905113903,2.016525009916526,lgbm_direct,False,0.15187953118331746,False
bangkok,seasonal_naive,chronos,1.9934979003079751,0.048109241594776524,2.528589387734731,chronos,True,0.07966106245009137,False
bangkok,seasonal_naive,chronos_cov,-0.6777813746818341,0.49900550047806524,-1.1958100611793105,seasonal_naive,False,0.5359688708838478,False
bangkok,seasonal_naive,nas_gru,0.6873806288814465,0.49295623029927116,0.6992882861031426,nas_gru,False,0.5788760268992348,False
bangkok,lgbm_direct,chronos,1.0977347949892338,0.2741652666195474,0.5120643778182052,chronos,False,0.7227993392697157,False
bangkok,lgbm_direct,chronos_cov,-4.530672491811898,1.2308135956383541e-05,-3.2123350710958367,lgbm_direct,True,0.00035693594273512267,True
bangkok,lgbm_direct,nas_gru,-3.3620776713972633,0.0009926022902470878,-1.3172367238133833,lgbm_direct,True,0.007196366604291387,True
bangkok,chronos,chronos_cov,-3.476927412467724,0.0006720900036488777,-3.724399448914042,chronos,True,0.006496870035272485,True
bangkok,chronos,nas_gru,-2.460928767687239,0.015048278864771957,-1.8293011016315883,chronos,True,0.10910002176959668,False
bangkok,chronos_cov,nas_gru,2.184232205022795,0.030574834042962733,1.895098347282453,nas_gru,True,0.15367331893253042,False
berlin,seasonal_naive,lgbm_direct,2.2636512838010288,0.025100687355394738,1.3121063769403272,lgbm_direct,True,0.08087999258960527,False
berlin,seasonal_naive,chronos,2.5219560617612515,0.012766111723099147,1.3451435318258074,chronos,True,0.03085143666415627,True
berlin,seasonal_naive,chronos_cov,2.5185960116989103,0.012883215500309292,0.8562491832890774,chronos_cov,True,0.041512583278774384,True
berlin,seasonal_naive,nas_gru,-1.1177928052236257,0.26552988402234634,-0.984528486861123,seasonal_naive,False,0.3666841255546687,False
berlin,lgbm_direct,chronos,0.143456807686167,0.8861313759143976,0.03303715488548008,chronos,False,0.965661111141659,False
berlin,lgbm_direct,chronos_cov,-1.618512130245845,0.10775580494235226,-0.45585719365124977,lgbm_direct,False,0.4322688004251738,False
berlin,lgbm_direct,nas_gru,-5.6926722421050115,6.841150193324583e-08,-2.29663486380145,lgbm_direct,True,1.9839335560641292e-06,True
berlin,chronos,chronos_cov,-1.6271510124914879,0.10590651538912929,-0.4888943485367299,chronos,False,0.43875556375496416,False
berlin,chronos,nas_gru,-4.429782984848896,1.8626085998668064e-05,-2.32967201868693,chronos,True,0.0005401564939613738,True
berlin,chronos_cov,nas_gru,-3.0018377507794796,0.0031678814618803543,-1.8407776701502003,chronos_cov,True,0.04054152963435629,True
bogota,seasonal_naive,lgbm_direct,1.3129969683584715,0.19128707650298205,1.2021023155792168,lgbm_direct,False,0.24800089542160947,False
bogota,seasonal_naive,chronos,-0.3943370858410561,0.6939196505034845,-0.3824523124429915,seasonal_naive,False,0.7187024951643232,False
bogota,seasonal_naive,chronos_cov,1.1521405894374865,0.25118579606072955,1.189328995446596,chronos_cov,False,0.3642194042880579,False
bogota,seasonal_naive,nas_gru,0.988638137265679,0.3245100844746567,0.9002591354979409,nas_gru,False,0.42776329317113837,False
bogota,lgbm_direct,chronos,-2.888036869279862,0.004479564515893286,-1.5845546280222083,lgbm_direct,True,0.1299073709609053,False
bogota,lgbm_direct,chronos_cov,-0.030934751300064258,0.975364709168852,-0.012773320132620706,lgbm_direct,False,0.9893874634387445,False
bogota,lgbm_direct,nas_gru,-0.611859333966338,0.5416024099720614,-0.30184318008127575,lgbm_direct,False,0.7577289514680431,False
bogota,chronos,chronos_cov,3.83754662805739,0.0001859215825145143,1.5717813078895875,chronos_cov,True,0.005391725892920914,True
bogota,chronos,nas_gru,2.1693813630118006,0.03170618711233194,1.2827114479409323,nas_gru,True,0.18389588525152525,False
bogota,chronos_cov,nas_gru,-0.4261275154271524,0.6706556590294042,-0.2890698599486551,chronos_cov,False,0.8041487733959349,False
delhi,seasonal_naive,lgbm_direct,3.627100196365167,0.000397944863709207,35.86790625460084,lgbm_direct,True,0.0023080802095134007,True
delhi,seasonal_naive,chronos,4.699796502556144,6.060775118826897e-06,35.86069844878742,chronos,True,8.74825412787523e-05,True
delhi,seasonal_naive,chronos_cov,3.5819394376976628,0.00046665748005027995,32.07921581879442,chronos_cov,True,0.0027066133842916238,True
delhi,seasonal_naive,nas_gru,4.314633962345706,2.965623407562986e-05,28.637795430259853,nas_gru,True,0.0005787362600681069,True
delhi,lgbm_direct,chronos,-0.0010533491600154513,0.9991610171487316,-0.007207805813426739,lgbm_direct,False,0.9991610171487316,False
delhi,lgbm_direct,chronos_cov,-0.4737600451540257,0.6363935375090071,-3.7886904358064206,lgbm_direct,False,0.9713375046190108,False
delhi,lgbm_direct,nas_gru,-0.8740870738022228,0.38353641567614705,-7.230110824340987,lgbm_direct,False,0.7166777295774883,False
delhi,chronos,chronos_cov,-0.5789759071672549,0.5635162964623865,-3.781482629992995,chronos,False,0.6816251684939502,False
delhi,chronos,nas_gru,-1.3904445730213169,0.1665541423438938,-7.2229030185275604,chronos,False,0.5197095186915621,False
delhi,chronos_cov,nas_gru,-0.697785864317503,0.48644415374501593,-3.441420388534567,chronos_cov,False,0.7053440229302731,False
dhaka,seasonal_naive,lgbm_direct,1.009182397381541,0.31459172868478885,8.036403261579705,lgbm_direct,False,0.3378948196984769,False
dhaka,seasonal_naive,chronos,2.6192463537434008,0.00976281926796837,13.355408747990927,chronos,True,0.028312175877108277,True
dhaka,seasonal_naive,chronos_cov,2.165837209046882,0.031981485991045645,11.471185782334212,chronos_cov,True,0.0843148267036658,False
dhaka,seasonal_naive,nas_gru,1.9092850191638508,0.05822829417226308,11.125301864412096,nas_gru,False,0.10553878318722683,False
dhaka,lgbm_direct,chronos,1.0323593515309177,0.3036466231510161,5.31900548641122,chronos,False,0.7338126726149555,False
dhaka,lgbm_direct,chronos_cov,0.6875689362342566,0.4928379609130531,3.4347825207545055,chronos_cov,False,0.8932688041549087,False
dhaka,lgbm_direct,nas_gru,0.8871889199443774,0.3764668872523109,3.0888986028323906,nas_gru,False,0.7166777295774883,False
dhaka,chronos,chronos_cov,-1.001757460821504,0.3181528509444128,-1.8842229656567149,chronos,False,0.5373250394513537,False
dhaka,chronos,nas_gru,-1.0011079780677046,0.31846561802767476,-2.2301068835788302,chronos,False,0.5772189326751604,False
dhaka,chronos_cov,nas_gru,-0.11183320931079296,0.9111124787560154,-0.34588391792211576,chronos_cov,False,0.9111124787560155,False
hanoi,seasonal_naive,lgbm_direct,2.0623415235647484,0.04098502368915745,8.37997914661247,lgbm_direct,True,0.09733731404288044,False
hanoi,seasonal_naive,chronos,2.8025638940129016,0.005773476227801384,9.117723398738438,chronos,True,0.020928851325780016,True
hanoi,seasonal_naive,chronos_cov,2.3783488884695174,0.018711995541116255,9.430330779784434,chronos_cov,True,0.05426478706923714,False
hanoi,seasonal_naive,nas_gru,2.38356457866544,0.018459165491679263,9.085395336151123,nas_gru,True,0.048665072659881695,True
hanoi,lgbm_direct,chronos,0.33321381559138896,0.7394609416977087,0.7377442521259682,chronos,False,0.965661111141659,False
hanoi,lgbm_direct,chronos_cov,0.7926806524462691,0.42927703867803657,1.050351633171967,chronos_cov,False,0.8932688041549087,False
hanoi,lgbm_direct,nas_gru,0.6011372545226866,0.5487002752009967,0.7054161895386538,nas_gru,False,0.7577289514680431,False
hanoi,chronos,chronos_cov,0.1480781236163003,0.8824897092389535,0.31260738104599894,chronos_cov,False,0.9140071988546304,False
hanoi,chronos,nas_gru,-0.02275337631359344,0.9818787176618871,-0.03232806258731418,chronos,False,0.9818787176618871,False
hanoi,chronos_cov,nas_gru,-0.33047309286498777,0.7415262056656289,-0.3449354436333132,chronos_cov,False,0.8270869217039707,False
jakarta,seasonal_naive,lgbm_direct,3.6349963097187787,0.00038695816277779766,6.062303380257971,lgbm_direct,True,0.0023080802095134007,True
jakarta,seasonal_naive,chronos,1.2998898863558517,0.19573012750985058,3.9034616152445474,chronos,False,0.24638569884414782,False
jakarta,seasonal_naive,chronos_cov,1.9228685160700223,0.05648434056825857,4.567953370218653,chronos_cov,False,0.11757640188335747,False
jakarta,seasonal_naive,nas_gru,3.550868625990166,0.0005202693812758972,5.941910703976949,nas_gru,True,0.003771953014250255,True
jakarta,lgbm_direct,chronos,-1.2581427001803682,0.21039058560813773,-2.158841765013423,lgbm_direct,False,0.7227993392697157,False
jakarta,lgbm_direct,chronos_cov,-1.3590980216863402,0.17625514005327392,-1.494350010039317,lgbm_direct,False,0.5679332290605493,False
jakarta,lgbm_direct,nas_gru,-0.1950109483970445,0.845661173456694,-0.12039267628102178,lgbm_direct,False,0.9249734819590159,False
jakarta,chronos,chronos_cov,0.9044533377443079,0.36727628414198377,0.664491754974106,chronos_cov,False,0.5373250394513537,False
jakarta,chronos,nas_gru,1.109583305774339,0.26904108622097556,2.0384490887324014,nas_gru,False,0.5572993928863065,False
jakarta,chronos_cov,nas_gru,1.117912406585195,0.26547896730772663,1.3739573337582955,nas_gru,False,0.5215308536990106,False
kampala,seasonal_naive,lgbm_direct,1.4202597150740286,0.15770867917280887,7.940485752408664,lgbm_direct,False,0.2177881760005456,False
kampala,seasonal_naive,chronos,2.9940288682277294,0.0032451111376968207,10.036385954372467,chronos,True,0.0156847038322013,True
kampala,seasonal_naive,chronos_cov,2.073746817299239,0.03989655588614673,7.553015451605059,chronos_cov,True,0.0964166767248546,False
kampala,seasonal_naive,nas_gru,2.5229119960616213,0.012732970083391748,9.798896710077921,nas_gru,True,0.03746655328525976,True
kampala,lgbm_direct,chronos,0.5637622437936485,0.5737989919013615,2.0959002019638038,chronos,False,0.924453931396638,False
kampala,lgbm_direct,chronos_cov,-0.1589847028111584,0.8739052426959708,-0.3874703008036033,lgbm_direct,False,0.9766530829522736,False
kampala,lgbm_direct,nas_gru,0.8085425471675174,0.42012142768335525,1.8584109576692585,nas_gru,False,0.7166777295774883,False
kampala,chronos,chronos_cov,-1.4587981915785886,0.14681367466651407,-2.4833705027674062,chronos,False,0.520767101800312,False
kampala,chronos,nas_gru,-0.08452399855025289,0.9327580399021548,-0.23748924429454477,chronos,False,0.9818787176618871,False
kampala,chronos_cov,nas_gru,1.204245930959828,0.23048399692758653,2.2458812584728616,nas_gru,False,0.5215308536990106,False
karachi,seasonal_naive,lgbm_direct,1.194638201726396,0.23420609914383617,2.2073888107041535,lgbm_direct,False,0.26893233727769733,False
karachi,seasonal_naive,chronos,2.1424935426262848,0.033846996571314014,3.199702070819007,chronos,True,0.06134768128550665,False
karachi,seasonal_naive,chronos_cov,0.9129564831535509,0.36280206283635485,1.5443717539268134,chronos_cov,False,0.4574460792284474,False
karachi,seasonal_naive,nas_gru,1.640890017639926,0.1030179456856559,2.8133698105812073,nas_gru,False,0.1659733569380012,False
karachi,lgbm_direct,chronos,1.1722427112991904,0.24304883974381436,0.9923132601148537,chronos,False,0.7227993392697157,False
karachi,lgbm_direct,chronos_cov,-0.7951631707876047,0.42783642194214455,-0.6630170567773401,lgbm_direct,False,0.8932688041549087,False
karachi,lgbm_direct,nas_gru,0.6971850133083597,0.4868189112411221,0.6059809998770539,nas_gru,False,0.751996790489394,False
karachi,chronos,chronos_cov,-2.5604887895052597,0.011489666631337495,-1.6553303168921936,chronos,True,0.06664006646175748,False
karachi,chronos,nas_gru,-0.7527415874937601,0.45284259292929707,-0.38633226023779976,chronos,False,0.7724961879382126,False
karachi,chronos_cov,nas_gru,1.6599237447639938,0.09912116257360153,1.268998056654394,nas_gru,False,0.28745137146344446,False
krakow,seasonal_naive,lgbm_direct,1.9289772531786011,0.0557144941528478,10.059736464943343,lgbm_direct,False,0.10771468869550575,False
krakow,seasonal_naive,chronos,1.0382879435627625,0.30088846107900724,6.902561247437088,chronos,False,0.3382773957747458,False
krakow,seasonal_naive,chronos_cov,0.8225219575904373,0.41214932933400505,4.759690744589119,chronos_cov,False,0.47809322202744586,False
krakow,seasonal_naive,nas_gru,1.3689794601100822,0.1731521762170736,8.329975571720688,nas_gru,False,0.2642849005418492,False
krakow,lgbm_direct,chronos,-0.79052703467061,0.43052909765018954,-3.1571752175062544,lgbm_direct,False,0.7581354396840408,False
krakow,lgbm_direct,chronos_cov,-1.8807379093448195,0.0620410082484478,-5.300045720354223,lgbm_direct,False,0.4322688004251738,False
krakow,lgbm_direct,nas_gru,-1.1694787375682498,0.2441564079055535,-1.7297608932226547,lgbm_direct,False,0.6436850753873684,False
krakow,chronos,chronos_cov,-0.8982372229156372,0.3705689927250715,-2.142870502847969,chronos,False,0.5373250394513537,False
krakow,chronos,nas_gru,0.3762367922865802,0.7072984807616687,1.4274143242836,nas_gru,False,0.9660582057957072,False
krakow,chronos_cov,nas_gru,1.1079177929538684,0.26975733812017794,3.570284827131568,nas_gru,False,0.5215308536990106,False
lagos,seasonal_naive,lgbm_direct,1.297086213537069,0.19669036533437992,1.2392439227808982,lgbm_direct,False,0.24800089542160947,False
lagos,seasonal_naive,chronos,1.0331384811984867,0.30328318241873764,1.105540047089259,chronos,False,0.3382773957747458,False
lagos,seasonal_naive,chronos_cov,1.2527644927787096,0.21233617503742677,1.078938857386841,chronos_cov,False,0.32409205663607243,False
lagos,seasonal_naive,nas_gru,-0.4045080488664282,0.6864435492520968,-0.3775414274798499,seasonal_naive,False,0.7109593902968145,False
lagos,lgbm_direct,chronos,-0.3288453331112445,0.7427536916910528,-0.13370387569163944,lgbm_direct,False,0.965661111141659,False
lagos,lgbm_direct,chronos_cov,-0.29049038790473874,0.7718619529850664,-0.16030506539405728,lgbm_direct,False,0.9766530829522736,False
lagos,lgbm_direct,nas_gru,-3.743805702653241,0.00026193157000169897,-1.616785350260748,lgbm_direct,True,0.00253200517668309,True
lagos,chronos,chronos_cov,-0.031972739151149,0.9745383730637588,-0.026601189702417847,chronos,False,0.9745383730637588,False
lagos,chronos,nas_gru,-2.0797384705656494,0.03933473658670095,-1.4830814745691088,chronos,True,0.19011789350238792,False
lagos,chronos_cov,nas_gru,-2.5549617057620826,0.011665432204355345,-1.456480284866691,chronos_cov,True,0.08457438348157625,False
lahore,seasonal_naive,lgbm_direct,1.7184048580625007,0.08788704503551634,22.452348822125888,lgbm_direct,False,0.14992495917823376,False
lahore,seasonal_naive,chronos,1.5794190151484149,0.11644945341710704,23.42241594526503,chronos,False,0.16081114995695733,False
lahore,seasonal_naive,chronos_cov,0.7054416970904233,0.48168295021240537,10.80238540945706,chronos_cov,False,0.5359688708838478,False
lahore,seasonal_naive,nas_gru,1.6862987693428266,0.09391882026474334,25.213449305958218,nas_gru,False,0.16021445809867982,False
lahore,lgbm_direct,chronos,0.1899507572724582,0.8496170890050516,0.9700671231391377,chronos,False,0.965661111141659,False
lahore,lgbm_direct,chronos_cov,-2.179492709413754,0.030932026865027207,-11.649963412668829,lgbm_direct,True,0.29900959302859637,False
lahore,lgbm_direct,nas_gru,0.6878084505600875,0.49268755238960305,2.7611004838323274,nas_gru,False,0.751996790489394,False
lahore,chronos,chronos_cov,-3.54280582196761,0.0005351010914626425,-12.620030535807967,chronos,True,0.006496870035272485,True
lahore,chronos,nas_gru,0.2259746793175289,0.8215437755228275,1.7910333606931899,nas_gru,False,0.9818787176618871,False
lahore,chronos_cov,nas_gru,1.7697198724247882,0.0789051281761696,14.411063896501155,nas_gru,False,0.2542498574565465,False
lima,seasonal_naive,lgbm_direct,3.1112630483325887,0.0022495438106009745,5.933558214018419,lgbm_direct,True,0.010872795084571377,True
lima,seasonal_naive,chronos,2.931165220938101,0.003932898637690448,5.33791009733412,chronos,True,0.016293437213289,True
lima,seasonal_naive,chronos_cov,3.1214993003050346,0.002177648942731654,5.749816362985628,chronos_cov,True,0.010525303223202992,True
lima,seasonal_naive,nas_gru,3.1423040624881593,0.0020380390833042075,5.373966062227884,nas_gru,True,0.009850522235970336,True
lima,lgbm_direct,chronos,-1.1071954333915748,0.27006839865473364,-0.5956481166842993,lgbm_direct,False,0.7227993392697157,False
lima,lgbm_direct,chronos_cov,-0.4046934953393775,0.6863075226379216,-0.18374185103279125,lgbm_direct,False,0.9766530829522736,False
lima,lgbm_direct,nas_gru,-0.4819692556031121,0.6305646221255046,-0.5595921517905347,lgbm_direct,False,0.7950597409408536,False
lima,chronos,chronos_cov,1.0514059942756513,0.29484565686203784,0.4119062656515079,chronos_cov,False,0.5373250394513537,False
lima,chronos,nas_gru,0.042256675509583945,0.96635302679002,0.03605596489376466,nas_gru,False,0.9818787176618871,False
lima,chronos_cov,nas_gru,-0.39527128738219763,0.6932317012033922,-0.3758503007577432,chronos_cov,False,0.8041487733959349,False
los_angeles,seasonal_naive,lgbm_direct,2.0652928325872484,0.0407009537825533,1.1229858292335588,lgbm_direct,True,0.09733731404288044,False
los_angeles,seasonal_naive,chronos,1.6613580174442073,0.09883240539964848,1.252168787850274,chronos,False,0.1433069878294903,False
los_angeles,seasonal_naive,chronos_cov,1.031702910624424,0.30395306013095336,0.8906787792236879,chronos_cov,False,0.4197447020856023,False
los_angeles,seasonal_naive,nas_gru,0.6759551704357792,0.5001608367561677,0.4727857689062753,nas_gru,False,0.5788760268992348,False
los_angeles,lgbm_direct,chronos,0.16131480356262307,0.872073149376089,0.12918295861671514,chronos,False,0.965661111141659,False
los_angeles,lgbm_direct,chronos_cov,-0.2711106646569251,0.786696875510728,-0.2323070500098709,lgbm_direct,False,0.9766530829522736,False
los_angeles,lgbm_direct,nas_gru,-1.0626069724854894,0.2897514166616832,-0.6502000603272834,lgbm_direct,False,0.682710703849647,False
los_angeles,chronos,chronos_cov,-0.7932023395066021,0.42897406506983793,-0.3614900086265859,chronos,False,0.5654658130466046,False
los_angeles,chronos,nas_gru,-1.340500715251745,0.18220837223226996,-0.7793830189439986,chronos,False,0.5197095186915621,False
los_angeles,chronos_cov,nas_gru,-0.5219168848995345,0.6025356883392474,-0.4178930103174126,chronos_cov,False,0.8041487733959349,False
madrid,seasonal_naive,lgbm_direct,2.9611815831440182,0.003589323920432561,2.228393629661886,lgbm_direct,True,0.013011299211568034,True
madrid,seasonal_naive,chronos,0.306546127485597,0.7596347552860456,0.3551909351660536,chronos,False,0.7596347552860456,False
madrid,seasonal_naive,chronos_cov,1.273133513115443,0.20503646376941112,0.8247212577313184,chronos_cov,False,0.32409205663607243,False
madrid,seasonal_naive,nas_gru,4.08914010712196,7.194965693030754e-05,2.1705752395239535,nas_gru,True,0.0006955133503263062,True
madrid,lgbm_direct,chronos,-2.3575087933969257,0.019753027382484547,-1.8732026944958327,lgbm_direct,True,0.19094593136401727,False
madrid,lgbm_direct,chronos_cov,-4.240555101503453,3.9823342244498815e-05,-1.403672371930568,lgbm_direct,True,0.0005774384625452328,True
madrid,lgbm_direct,nas_gru,-0.17518483407406304,0.8611822073411527,-0.05781839013793309,lgbm_direct,False,0.9249734819590159,False
madrid,chronos,chronos_cov,0.5781033851073354,0.5641035877191312,0.4695303225652647,chronos_cov,False,0.6816251684939502,False
madrid,chronos,nas_gru,1.8684543605719524,0.06374467810684774,1.8153843043578997,nas_gru,False,0.2640850950140835,False
madrid,chronos_cov,nas_gru,5.204832256960765,6.619031253182646e-07,1.345853981792635,nas_gru,True,1.9195190634229673e-05,True
manila,seasonal_naive,lgbm_direct,4.636386075436662,7.920606738634144e-06,9.041815417316425,lgbm_direct,True,0.0001148487977101951,True
manila,seasonal_naive,chronos,3.6215729915253534,0.00040580996256823533,8.744550779130725,chronos,True,0.002353697782895765,True
manila,seasonal_naive,chronos_cov,3.724476077643573,0.0002809026379000849,8.190290818819872,chronos_cov,True,0.0020365441247756156,True
manila,seasonal_naive,nas_gru,3.2028204456329625,0.001677718509896713,9.140975981288484,nas_gru,True,0.009730767357400937,True
manila,lgbm_direct,chronos,-0.17715740211740644,0.8596354331943192,-0.2972646381857025,lgbm_direct,False,0.965661111141659,False
manila,lgbm_direct,chronos_cov,-0.532211907451159,0.5954051717511795,-0.8515245984965545,lgbm_direct,False,0.9595215567564779,False
manila,lgbm_direct,nas_gru,0.06830940072292631,0.9456347629673836,0.09916056397205963,nas_gru,False,0.9456347629673836,False
manila,chronos,chronos_cov,-1.1185020327029138,0.26522805089048945,-0.5542599603108519,chronos,False,0.5373250394513537,False
manila,chronos,nas_gru,0.18539647451613095,0.8531807770107862,0.39642520215776217,nas_gru,False,0.9818787176618871,False
manila,chronos_cov,nas_gru,0.43364476363529003,0.6651999014183025,0.9506851624686141,nas_gru,False,0.8041487733959349,False
mexico_city,seasonal_naive,lgbm_direct,1.630701173067363,0.10515395960121385,2.9920217810656964,lgbm_direct,False,0.15247324142176008,False
mexico_city,seasonal_naive,chronos,2.554741755913204,0.011672476387311986,5.437563707962942,chronos,True,0.030772892293822508,True
mexico_city,seasonal_naive,chronos_cov,2.5613109088808597,0.01146372649550882,5.147826856970466,chronos_cov,True,0.041512583278774384,True
mexico_city,seasonal_naive,nas_gru,2.2268719487156203,0.027519081201266078,3.2182278244467506,nas_gru,True,0.06650444623639302,False
mexico_city,lgbm_direct,chronos,1.7319657495822043,0.08543601537505609,2.445541926897247,chronos,False,0.4955288891753253,False
mexico_city,lgbm_direct,chronos_cov,1.6350145332296562,0.1042453997833703,2.1558050759047713,chronos_cov,False,0.4322688004251738,False
mexico_city,lgbm_direct,nas_gru,0.258004840688189,0.7967741105782585,0.22620604338105485,nas_gru,False,0.9242579682707799,False
mexico_city,chronos,chronos_cov,-0.4899405744771477,0.624926761785433,-0.2897368509924755,chronos,False,0.7249150436711024,False
mexico_city,chronos,nas_gru,-1.7297474770068102,0.08583308866712346,-2.2193358835161923,chronos,False,0.3111449464183225,False
mexico_city,chronos_cov,nas_gru,-1.8765872814854396,0.06261237146048923,-1.9295990325237165,chronos_cov,False,0.2542498574565465,False
mumbai,seasonal_naive,lgbm_direct,1.936890393143959,0.05473039918284355,11.769067626667633,lgbm_direct,False,0.10771468869550575,False
mumbai,seasonal_naive,chronos,2.680769650175234,0.00820854013782209,15.560230255126953,chronos,True,0.026449740444093404,True
mumbai,seasonal_naive,chronos_cov,2.8097929768566616,0.0056521106717964415,11.725778418313611,chronos_cov,True,0.02341588706887097,True
mumbai,seasonal_naive,nas_gru,2.5175604118303405,0.012919501132848192,17.317244211832683,nas_gru,True,0.03746655328525976,True
mumbai,lgbm_direct,chronos,2.601042967943377,0.010271009552523488,3.79116262845932,chronos,True,0.14892963851159058,False
mumbai,lgbm_direct,chronos_cov,-0.01332451249827941,0.9893874634387445,-0.043289208354022515,lgbm_direct,False,0.9893874634387445,False
mumbai,lgbm_direct,nas_gru,1.6574806836168654,0.09961458179071585,5.548176585165049,nas_gru,False,0.35488413309382105,False
mumbai,chronos,chronos_cov,-1.2441226910454368,0.21548983522771534,-3.834451836813342,chronos,False,0.520767101800312,False
mumbai,chronos,nas_gru,0.5410727243765148,0.589299345533429,1.7570139567057292,nas_gru,False,0.9494267233594135,False
mumbai,chronos_cov,nas_gru,1.1205103208765883,0.2643746593463376,5.591465793519072,nas_gru,False,0.5215308536990106,False
nairobi,seasonal_naive,lgbm_direct,4.989489779092748,1.7318862197822758e-06,2.5636819929033616,lgbm_direct,True,5.0224700373686e-05,True
nairobi,seasonal_naive,chronos,4.937189555576218,2.1791239430254772e-06,2.7442848395418236,chronos,True,6.319459434773884e-05,True
nairobi,seasonal_naive,chronos_cov,4.652935255071222,7.387963241343167e-06,2.9668383643667062,chronos_cov,True,0.00021425093399895186,True
nairobi,seasonal_naive,nas_gru,4.239987527435271,3.991284552193841e-05,2.7211178784017207,nas_gru,True,0.0005787362600681069,True
nairobi,lgbm_direct,chronos,0.7926572159543235,0.4292906525427419,0.18060284663846224,chronos,False,0.7581354396840408,False
nairobi,lgbm_direct,chronos_cov,1.123282854418717,0.2631996596646786,0.4031563714633449,chronos_cov,False,0.763279013027568,False
nairobi,lgbm_direct,nas_gru,0.3783166329024752,0.7057564185500798,0.1574358854983594,nas_gru,False,0.8527890057480131,False
nairobi,chronos,chronos_cov,1.035995141207182,0.3019531361875957,0.22255352482488266,chronos_cov,False,0.5373250394513537,False
nairobi,chronos,nas_gru,-0.08115968938924416,0.9354284372496785,-0.02316696114010281,chronos,False,0.9818787176618871,False
nairobi,chronos_cov,nas_gru,-1.0415480892580606,0.2993789513509931,-0.24572048596498547,chronos_cov,False,0.5426243493236751,False
new_york,seasonal_naive,lgbm_direct,0.689160238756791,0.49183913229151144,0.6561800431188161,lgbm_direct,False,0.5094048155876368,False
new_york,seasonal_naive,chronos,1.2763369866787866,0.2039054059399844,0.9019685688945983,chronos,False,0.24638569884414782,False
new_york,seasonal_naive,chronos_cov,0.9668643905431682,0.3352441800535224,0.5922689094859557,chronos_cov,False,0.44191278279782503,False
new_york,seasonal_naive,nas_gru,0.08488500075628969,0.9324715417600757,0.08746831814448047,nas_gru,False,0.9324715417600757,False
new_york,lgbm_direct,chronos,0.4650830787734836,0.6425794006700933,0.24578852577578225,chronos,False,0.965661111141659,False
new_york,lgbm_direct,chronos_cov,-0.11412636999343916,0.9092976979210823,-0.0639111336328601,lgbm_direct,False,0.9766530829522736,False
new_york,lgbm_direct,nas_gru,-1.6075639514271802,0.1101364550980824,-0.5687117249743355,lgbm_direct,False,0.35488413309382105,False
new_york,chronos,chronos_cov,-1.3715300419120409,0.17235798370116082,-0.30969965940864236,chronos,False,0.520767101800312,False
new_york,chronos,nas_gru,-1.1978083517788465,0.23297323251690713,-0.8145002507501178,chronos,False,0.5197095186915621,False
new_york,chronos_cov,nas_gru,-0.7731009042628841,0.44073869883462147,-0.5048005913414754,chronos_cov,False,0.6727064350633697,False
paris,seasonal_naive,lgbm_direct,2.035631856052156,0.043633968364049855,1.9431968677538682,lgbm_direct,True,0.09733731404288044,False
paris,seasonal_naive,chronos,0.8720170026556384,0.38466085832746366,0.9228228651700806,chronos,False,0.4131542552406091,False
paris,seasonal_naive,chronos_cov,-0.01906771819589835,0.9848136628842477,-0.035896534953459555,seasonal_naive,False,0.9848136628842477,False
paris,seasonal_naive,nas_gru,0.6464993240847556,0.5189922999786243,1.3099953803637017,nas_gru,False,0.5788760268992348,False
paris,lgbm_direct,chronos,-1.6257163855169265,0.1062118466598762,-1.020374002583788,lgbm_direct,False,0.5133572588560683,False
paris,lgbm_direct,chronos_cov,-1.69242143040595,0.09274335556476171,-1.9790934027073281,lgbm_direct,False,0.4322688004251738,False
paris,lgbm_direct,nas_gru,-0.4951171098367295,0.6212773773629228,-0.6332014873901669,lgbm_direct,False,0.7950597409408536,False
paris,chronos,chronos_cov,-1.0519041448547939,0.2946178156572276,-0.9587194001235402,chronos,False,0.5373250394513537,False
paris,chronos,nas_gru,0.3568019073977019,0.7217660597343393,0.38717251519362134,nas_gru,False,0.9660582057957072,False
paris,chronos_cov,nas_gru,2.1682418028452526,0.03179447977914422,1.3458919153171616,nas_gru,True,0.15367331893253042,False
santiago,seasonal_naive,lgbm_direct,1.6897209675005949,0.09326032699552085,0.8369229745688097,lgbm_direct,False,0.15025274904833916,False
santiago,seasonal_naive,chronos,1.9815703361151658,0.04944479738281534,1.0395182160536447,chronos,True,0.07966106245009137,False
santiago,seasonal_naive,chronos_cov,1.3184315745750728,0.1894670027559634,0.689710425698301,chronos_cov,False,0.3232084164660552,False
santiago,seasonal_naive,nas_gru,2.163515354722771,0.03216296090374416,0.878139355580012,nas_gru,True,0.0717481435545062,False
santiago,lgbm_direct,chronos,0.3280047474264799,0.7433878325476612,0.20259524148483518,chronos,False,0.965661111141659,False
santiago,lgbm_direct,chronos_cov,-0.28191669008274606,0.7784149720973517,-0.14721254887050875,lgbm_direct,False,0.9766530829522736,False
santiago,lgbm_direct,nas_gru,0.10554095566690175,0.9160944745182797,0.04121638101120241,nas_gru,False,0.9456347629673836,False
santiago,chronos,chronos_cov,-0.39435668212805386,0.6939052171088933,-0.3498077903553439,chronos,False,0.773971203698381,False
santiago,chronos,nas_gru,-0.38365126064619043,0.7018067420865159,-0.1613788604736328,chronos,False,0.9660582057957072,False
santiago,chronos_cov,nas_gru,0.279866879515612,0.779984057045108,0.18842892988171112,nas_gru,False,0.8377606538632641,False
seoul,seasonal_naive,lgbm_direct,3.9613354774586025,0.00011715807434629024,3.7634272834329607,lgbm_direct,True,0.001132528052014139,True
seoul,seasonal_naive,chronos,4.604590804012507,9.049918063319205e-06,3.9368900352054172,chronos,True,8.74825412787523e-05,True
seoul,seasonal_naive,chronos_cov,4.146635319625349,5.757648665302326e-05,3.73335346916176,chronos_cov,True,0.0005565727043125582,True
seoul,seasonal_naive,nas_gru,3.0838067106126577,0.0024533786681732632,3.5467993113729688,nas_gru,True,0.010163997339574947,True
seoul,lgbm_direct,chronos,0.8475435580394542,0.398108527134584,0.17346275177245712,chronos,False,0.7581354396840408,False
seoul,lgbm_direct,chronos_cov,-0.13187483301131334,0.8952686609680727,-0.030073814271200164,lgbm_direct,False,0.9766530829522736,False
seoul,lgbm_direct,nas_gru,-0.8409175735962069,0.40179804397430074,-0.21662797205999118,lgbm_direct,False,0.7166777295774883,False
seoul,chronos,chronos_cov,-0.905207030344701,0.3668783052059069,-0.2035365660436573,chronos,False,0.5373250394513537,False
seoul,chronos,nas_gru,-1.0227248247185916,0.3081650040454698,-0.3900907238324483,chronos,False,0.5772189326751604,False
seoul,chronos_cov,nas_gru,-0.4727716342784347,0.6370969008877625,-0.18655415778879103,chronos_cov,False,0.8041487733959349,False
sydney,seasonal_naive,lgbm_direct,0.5273607174695635,0.598760347317074,0.29725044945688284,lgbm_direct,False,0.598760347317074,False
sydney,seasonal_naive,chronos,2.2110960913489857,0.028617142060296172,0.707920595606168,chronos,True,0.055326474649905935,False
sydney,seasonal_naive,chronos_cov,0.12518963501193342,0.9005492457399255,0.0679582540345478,chronos_cov,False,0.9327117188020656,False
sydney,seasonal_naive,nas_gru,1.3247953429066837,0.18735217854371802,0.6293027774492901,nas_gru,False,0.27166065888839114,False
sydney,lgbm_direct,chronos,1.1040387970620016,0.2714306169865823,0.4106701461492853,chronos,False,0.7227993392697157,False
sydney,lgbm_direct,chronos_cov,-0.5319803788869183,0.5955651041936759,-0.22929219542233495,lgbm_direct,False,0.9595215567564779,False
sydney,lgbm_direct,nas_gru,1.3689327308171764,0.17316675238707452,0.3320523279924072,nas_gru,False,0.5021835819225161,False
sydney,chronos,chronos_cov,-1.3380369075152068,0.18300824186593914,-0.6399623415716204,chronos,False,0.520767101800312,False
sydney,chronos,nas_gru,-0.34197503347229846,0.732871742327778,-0.07861781815687817,chronos,False,0.9660582057957072,False
sydney,chronos_cov,nas_gru,1.170568483190256,0.2437193026096892,0.5613445234147422,nas_gru,False,0.5215308536990106,False
toronto,seasonal_naive,lgbm_direct,1.1793545934734877,0.24021541451126555,0.6916592239255901,lgbm_direct,False,0.26893233727769733,False
toronto,seasonal_naive,chronos,2.433018047986881,0.016208090231016745,1.193327766593802,chronos,True,0.03615650897688351,True
toronto,seasonal_naive,chronos_cov,1.9206901542196815,0.056761021598862225,0.8958147460713946,chronos_cov,False,0.11757640188335747,False
toronto,seasonal_naive,nas_gru,2.0492350004272177,0.042267151795690495,1.159645192396073,nas_gru,True,0.08755338586250173,False
toronto,lgbm_direct,chronos,1.760272173590482,0.08049966294506483,0.5016685426682117,chronos,False,0.4955288891753253,False
toronto,lgbm_direct,chronos_cov,0.7394617395019708,0.46083881185798525,0.2041555221458043,chronos_cov,False,0.8932688041549087,False
toronto,lgbm_direct,nas_gru,3.046538575133807,0.0027574344800786795,0.467985968470483,nas_gru,True,0.013327599987046952,True
toronto,chronos,chronos_cov,-1.2732106830276178,0.2050091631390377,-0.29751302052240747,chronos,False,0.520767101800312,False
toronto,chronos,nas_gru,-0.13908707868536796,0.8895770262267353,-0.0336825741977288,chronos,False,0.9818787176618871,False
toronto,chronos_cov,nas_gru,0.9097794956537144,0.3644696931282121,0.2638304463246787,nas_gru,False,0.5872011722621194,False
vienna,seasonal_naive,lgbm_direct,2.2137950879637605,0.028426620203461584,1.9783166162800474,lgbm_direct,True,0.08243719859003859,False
vienna,seasonal_naive,chronos,2.251831723626214,0.02585677503378664,1.896097060839335,chronos,True,0.0535604625699866,False
vienna,seasonal_naive,chronos_cov,1.762908801108571,0.08005202808198988,1.7046606211804773,chronos_cov,False,0.15476725429184712,False
vienna,seasonal_naive,nas_gru,2.0032381056380344,0.04704144488586763,1.727909538348516,nas_gru,True,0.09094679344601074,False
vienna,lgbm_direct,chronos,-0.7668679715091549,0.4444242232630584,-0.0822195554407124,lgbm_direct,False,0.7581354396840408,False
vienna,lgbm_direct,chronos_cov,-1.5673352116602344,0.1192465656345307,-0.2736559950995702,lgbm_direct,False,0.4322688004251738,False
vienna,lgbm_direct,nas_gru,-2.7440920212732705,0.006845846950201528,-0.2504070779315317,lgbm_direct,True,0.02836136593654919,True
vienna,chronos,chronos_cov,-0.8325417884609089,0.40649144863937825,-0.1914364396588578,chronos,False,0.5613453338353318,False
vienna,chronos,nas_gru,-1.2089693279474794,0.22866977987845327,-0.16818752249081928,chronos,False,0.5197095186915621,False
vienna,chronos_cov,nas_gru,0.11385839173622125,0.9095097483217944,0.023248917168038515,nas_gru,False,0.9111124787560155,False
