city,model_a,model_b,dm_stat,p_value,mean_loss_diff,better,significant_5pct
accra,seasonal_naive,lgbm_direct,2.6347712356909443,0.008810512092209581,6.993783065105258,lgbm_direct,True
accra,seasonal_naive,chronos,2.729838896765902,0.006671405898504069,7.47753905398505,chronos,True
accra,seasonal_naive,chronos_cov,2.4422847567981067,0.015111083854693903,6.329104617693653,chronos_cov,True
accra,seasonal_naive,nas_gru,1.5622444714065327,0.11917455241288208,4.421634376049042,nas_gru,False
accra,lgbm_direct,chronos,1.0852974996128515,0.2785702905480644,0.483755988879793,chronos,False
accra,lgbm_direct,chronos_cov,-1.3750985349374731,0.1700198168284325,-0.6646784474116052,lgbm_direct,False
accra,lgbm_direct,nas_gru,-4.559334187105385,7.204556678575073e-06,-2.572148689056216,lgbm_direct,True
accra,chronos,chronos_cov,-2.493081825697766,0.013146189482920108,-1.1484344362913983,chronos,True
accra,chronos,nas_gru,-4.738217901242514,3.19091853782313e-06,-3.055904677936009,chronos,True
accra,chronos_cov,nas_gru,-2.5445618296949153,0.011389761187647358,-1.9074702416446112,chronos_cov,True
addis_ababa,seasonal_naive,lgbm_direct,3.6790744667492374,0.0002726434539828271,5.040715044201288,lgbm_direct,True
addis_ababa,seasonal_naive,chronos,4.666514410207775,4.436090711818023e-06,5.301369382351163,chronos,True
addis_ababa,seasonal_naive,chronos_cov,5.4373390213568165,1.0442724324994241e-07,5.5874365240550485,chronos_cov,True
addis_ababa,seasonal_naive,nas_gru,2.8702541575435894,0.004362103211632036,4.045028865413061,nas_gru,True
addis_ababa,lgbm_direct,chronos,0.46985153516103184,0.6387667903796356,0.26065433814987654,chronos,False
addis_ababa,lgbm_direct,chronos_cov,0.794502764485677,0.42746527703610004,0.5467214798537607,chronos_cov,False
addis_ababa,lgbm_direct,nas_gru,-1.2097777988477674,0.22721716322121951,-0.9956861787882271,lgbm_direct,False
addis_ababa,chronos,chronos_cov,0.7997371464298189,0.42442981367756805,0.28606714170388436,chronos_cov,False
addis_ababa,chronos,nas_gru,-1.6410831437827427,0.1017186359860829,-1.2563405169381034,chronos,False
addis_ababa,chronos_cov,nas_gru,-1.817433887227946,0.07004394708449962,-1.5424076586419877,chronos_cov,False
amsterdam,seasonal_naive,lgbm_direct,2.577984838200113,0.010364544680481967,2.8845543037438657,lgbm_direct,True
amsterdam,seasonal_naive,chronos,2.9233494505822444,0.003698471213436301,3.1041033702210235,chronos,True
amsterdam,seasonal_naive,chronos_cov,2.5882984448577226,0.01006528055359464,2.8812740099665954,chronos_cov,True
amsterdam,seasonal_naive,nas_gru,2.341898327303694,0.019771313012431378,2.6441280092484827,nas_gru,True
amsterdam,lgbm_direct,chronos,0.8452013331055511,0.3986016791098381,0.2195490664771579,chronos,False
amsterdam,lgbm_direct,chronos_cov,-0.010938545740061449,0.9912789884371208,-0.0032802937772700054,lgbm_direct,False
amsterdam,lgbm_direct,nas_gru,-0.4766628378268216,0.6339129931622773,-0.24042629449538286,lgbm_direct,False
amsterdam,chronos,chronos_cov,-0.7842820506177074,0.4334288347009734,-0.22282936025442787,chronos,False
amsterdam,chronos,nas_gru,-0.8700698665077605,0.38488522557062055,-0.4599753609725406,chronos,False
amsterdam,chronos_cov,nas_gru,-0.5801898079110717,0.5621766578217875,-0.23714600071811293,chronos_cov,False
bangkok,seasonal_naive,lgbm_direct,1.9585049490813773,0.05100023905689301,2.0254094856798464,lgbm_direct,False
bangkok,seasonal_naive,chronos,2.4591080823420053,0.014433318173600312,2.4747381823403494,chronos,True
bangkok,seasonal_naive,chronos_cov,-0.6839455386184741,0.4944823798090243,-0.7381075198712522,seasonal_naive,False
bangkok,seasonal_naive,nas_gru,1.7577733211287472,0.07969936255756944,1.6261171888737453,nas_gru,False
bangkok,lgbm_direct,chronos,1.8003248340709244,0.07270881237135292,0.4493286966605032,chronos,False
bangkok,lgbm_direct,chronos_cov,-5.4050239460313865,1.2330720081151502e-07,-2.763517005551099,lgbm_direct,True
bangkok,lgbm_direct,nas_gru,-1.262936306913268,0.20749040080829706,-0.39929229680610123,lgbm_direct,False
bangkok,chronos,chronos_cov,-5.232580178724599,2.9541321651789113e-07,-3.2128457022116015,chronos,True
bangkok,chronos,nas_gru,-1.9583550626526065,0.05101789052931772,-0.8486209934666045,chronos,False
bangkok,chronos_cov,nas_gru,5.039741886774475,7.642534278027332e-07,2.3642247087449975,nas_gru,True
berlin,seasonal_naive,lgbm_direct,2.597901434615718,0.00979360991432018,1.629084602047613,lgbm_direct,True
berlin,seasonal_naive,chronos,1.9136388588052249,0.05651831696328834,1.3838533609443242,chronos,False
berlin,seasonal_naive,chronos_cov,0.7920554581069814,0.42888883763199614,0.6785047498631351,chronos_cov,False
berlin,seasonal_naive,nas_gru,-0.5514691400626289,0.5816797568159562,-0.4240698994719794,seasonal_naive,False
berlin,lgbm_direct,chronos,-0.8988050649026529,0.36940206815714305,-0.24523124110328903,lgbm_direct,False
berlin,lgbm_direct,chronos_cov,-2.1804364808584484,0.029920570146566496,-0.9505798521844778,lgbm_direct,True
berlin,lgbm_direct,nas_gru,-4.481721496897739,1.0177770263446444e-05,-2.0531545015195922,lgbm_direct,True
berlin,chronos,chronos_cov,-2.3122556842976674,0.021369427482801566,-0.7053486110811887,chronos,True
berlin,chronos,nas_gru,-3.4042556184485226,0.0007439654077416167,-1.8079232604163036,chronos,True
berlin,chronos_cov,nas_gru,-1.5369720894105376,0.12524407731046705,-1.1025746493351147,chronos_cov,False
bogota,seasonal_naive,lgbm_direct,3.8780633920329888,0.00012673678148749726,2.255102798604159,lgbm_direct,True
bogota,seasonal_naive,chronos,1.3846799190613608,0.16707188946840226,0.8484818926311675,chronos,False
bogota,seasonal_naive,chronos_cov,3.2232098719258517,0.0013922577844453672,1.7916198182869045,chronos_cov,True
bogota,seasonal_naive,nas_gru,3.3009639592452253,0.0010673356592176338,1.6214310730638961,nas_gru,True
bogota,lgbm_direct,chronos,-4.40322386921151,1.4364584158619941e-05,-1.4066209059729915,lgbm_direct,True
bogota,lgbm_direct,chronos_cov,-1.7219230333845335,0.08600652289681633,-0.4634829803172545,lgbm_direct,False
bogota,lgbm_direct,nas_gru,-2.316492721553861,0.021134288919957424,-0.6336717255402631,lgbm_direct,True
bogota,chronos,chronos_cov,2.8053453949232923,0.0053198624433177764,0.9431379256557371,chronos_cov,True
bogota,chronos,nas_gru,2.2234731733672812,0.026850512951836283,0.7729491804327283,nas_gru,True
bogota,chronos_cov,nas_gru,-0.5313176752532527,0.5955507633151345,-0.17018874522300861,chronos_cov,False
delhi,seasonal_naive,lgbm_direct,1.2647053444615164,0.2068560821788546,12.351494183233951,lgbm_direct,False
delhi,seasonal_naive,chronos,3.619992435647917,0.0003401182700372546,23.92837961088077,chronos,True
delhi,seasonal_naive,chronos_cov,4.05299486425628,6.291232909992358e-05,26.04062517719559,chronos_cov,True
delhi,seasonal_naive,nas_gru,3.5891670810577554,0.0003812711428641578,20.7161923070652,nas_gru,True
delhi,lgbm_direct,chronos,1.7974394687679258,0.07316634098732624,11.576885427646818,chronos,False
delhi,lgbm_direct,chronos_cov,1.9047199719190728,0.05767272967917336,13.689130993961637,chronos_cov,False
delhi,lgbm_direct,nas_gru,1.2228406974955914,0.2222494326937589,8.36469812383125,nas_gru,False
delhi,chronos,chronos_cov,0.579509422911414,0.5626349885890204,2.1122455663148183,chronos_cov,False
delhi,chronos,nas_gru,-0.9247747024245196,0.35574877019865137,-3.2121873038155693,chronos,False
delhi,chronos_cov,nas_gru,-1.9067301199222084,0.05741084252625881,-5.324432870130388,chronos_cov,False
dhaka,seasonal_naive,lgbm_direct,2.1072639059097455,0.035837591614806194,9.477074018826041,lgbm_direct,True
dhaka,seasonal_naive,chronos,3.69270180931167,0.000258979640236429,13.60028718766712,chronos,True
dhaka,seasonal_naive,chronos_cov,3.1949060311017807,0.0015317349922580894,12.763667652710323,chronos_cov,True
dhaka,seasonal_naive,nas_gru,2.911696414975564,0.0038356767675232248,10.448597363063268,nas_gru,True
dhaka,lgbm_direct,chronos,1.736602331779037,0.08337665377016619,4.12321316884108,chronos,False
dhaka,lgbm_direct,chronos_cov,1.2399742887891023,0.21585274596912926,3.286593633884284,chronos_cov,False
dhaka,lgbm_direct,nas_gru,0.6444258748002519,0.5197403137905299,0.9715233442372264,nas_gru,False
dhaka,chronos,chronos_cov,-0.754717008889672,0.45094902400936654,-0.836619534956795,chronos,False
dhaka,chronos,nas_gru,-1.6740941885270693,0.09504541578746646,-3.151689824603853,chronos,False
dhaka,chronos_cov,nas_gru,-0.9010902955896158,0.36818765887380156,-2.3150702896470574,chronos_cov,False
hanoi,seasonal_naive,lgbm_direct,2.9959967793264686,0.0029394615796946937,5.709010772855239,lgbm_direct,True
hanoi,seasonal_naive,chronos,3.997413104277761,7.880612889437978e-05,6.335334823245094,chronos,True
hanoi,seasonal_naive,chronos_cov,1.6723988332047572,0.09537933171089034,3.706915965215372,chronos_cov,False
hanoi,seasonal_naive,nas_gru,2.4837591875321925,0.013488826806284129,4.962823135512216,nas_gru,True
hanoi,lgbm_direct,chronos,0.6978449003588653,0.4857582654681116,0.6263240503898556,chronos,False
hanoi,lgbm_direct,chronos_cov,-1.9045201879873501,0.05769881244740051,-2.0020948076398652,lgbm_direct,False
hanoi,lgbm_direct,nas_gru,-1.1574361216697888,0.24791880552456083,-0.7461876373430225,lgbm_direct,False
hanoi,chronos,chronos_cov,-2.215694619507856,0.027384279701102965,-2.6284188580297205,chronos,True
hanoi,chronos,nas_gru,-2.1002406072664628,0.03645498010424736,-1.3725116877328782,chronos,True
hanoi,chronos_cov,nas_gru,1.5429019665176502,0.12379863568386444,1.2559071702968425,nas_gru,False
jakarta,seasonal_naive,lgbm_direct,5.781654959993162,1.695011130078251e-08,7.534984349531718,lgbm_direct,True
jakarta,seasonal_naive,chronos,3.112600421289378,0.0020141220929006214,5.992048883438111,chronos,True
jakarta,seasonal_naive,chronos_cov,3.9841699686727705,8.312012224225434e-05,6.377214217492578,chronos_cov,True
jakarta,seasonal_naive,nas_gru,4.910013695652358,1.4256618119864902e-06,7.614824750309899,nas_gru,True
jakarta,lgbm_direct,chronos,-1.5594054575306961,0.11984461585989509,-1.542935466093608,lgbm_direct,False
jakarta,lgbm_direct,chronos_cov,-1.6579058325154272,0.0982725284101413,-1.1577701320391394,lgbm_direct,False
jakarta,lgbm_direct,nas_gru,0.09745911745641717,0.9224200815209498,0.07984040077818054,nas_gru,False
jakarta,chronos,chronos_cov,0.8559970029953458,0.39261127972296295,0.3851653340544684,chronos_cov,False
jakarta,chronos,nas_gru,1.2344656475030753,0.2178946612976015,1.6227758668717884,nas_gru,False
jakarta,chronos_cov,nas_gru,1.1661100899511119,0.24439945339787206,1.23761053281732,nas_gru,False
kampala,seasonal_naive,lgbm_direct,3.0958427942510602,0.002128086604344311,8.243822313562912,lgbm_direct,True
kampala,seasonal_naive,chronos,4.41856961599046,1.343405799541062e-05,7.602538254843945,chronos,True
kampala,seasonal_naive,chronos_cov,3.729315119062315,0.0002253929438913397,7.547057226656459,chronos_cov,True
kampala,seasonal_naive,nas_gru,2.398743802599043,0.016997628883086802,6.325223060739951,nas_gru,True
kampala,lgbm_direct,chronos,-0.35106175742794415,0.7257626915690991,-0.6412840587189683,lgbm_direct,False
kampala,lgbm_direct,chronos_cov,-0.6182392914552564,0.5368377060416755,-0.6967650869064534,lgbm_direct,False
kampala,lgbm_direct,nas_gru,-1.2716039496326854,0.2043959769650947,-1.9185992528229614,lgbm_direct,False
kampala,chronos,chronos_cov,-0.045054695771237885,0.96409055657662,-0.05548102818748494,chronos,False
kampala,chronos,nas_gru,-0.7737579477731624,0.4396196215460143,-1.2773151941039933,chronos,False
kampala,chronos_cov,nas_gru,-0.8527063454084493,0.39443139541136163,-1.2218341659165082,chronos_cov,False
karachi,seasonal_naive,lgbm_direct,3.3062366624386104,0.001048078969360256,3.9195594428226053,lgbm_direct,True
karachi,seasonal_naive,chronos,4.459533256502253,1.1224483894358104e-05,5.070550350915818,chronos,True
karachi,seasonal_naive,chronos_cov,1.6979201769370214,0.09045144804784286,2.1738982341622815,chronos_cov,False
karachi,seasonal_naive,nas_gru,2.46168445435712,0.014331936315187829,2.691784205890837,nas_gru,True
karachi,lgbm_direct,chronos,2.5629890453423103,0.010813861964703549,1.1509909080932126,chronos,True
karachi,lgbm_direct,chronos_cov,-2.839713778408421,0.004791267026197001,-1.7456612086603236,lgbm_direct,True
karachi,lgbm_direct,nas_gru,-1.9153001052868615,0.056305442774853706,-1.2277752369317683,lgbm_direct,False
karachi,chronos,chronos_cov,-4.9947501934136955,9.501296858825482e-07,-2.896652116753536,chronos,True
karachi,chronos,nas_gru,-3.0468864260396766,0.002495913781884874,-2.3787661450249806,chronos,True
karachi,chronos_cov,nas_gru,0.6485428276173429,0.5170782249696435,0.5178859717285553,nas_gru,False
krakow,seasonal_naive,lgbm_direct,4.2486082711825,2.791085809916208e-05,18.657312148821948,lgbm_direct,True
krakow,seasonal_naive,chronos,3.3046533954068678,0.00105382710068172,15.183581593024035,chronos,True
krakow,seasonal_naive,chronos_cov,3.2680888117777998,0.0011950096631067866,16.34657763502012,chronos_cov,True
krakow,seasonal_naive,nas_gru,3.8911476755073293,0.00012037307861543568,17.16962669371297,nas_gru,True
krakow,lgbm_direct,chronos,-1.809108419239715,0.07133047083367086,-3.473730555797909,lgbm_direct,False
krakow,lgbm_direct,chronos_cov,-1.563845435909799,0.11879799561662752,-2.310734513801822,lgbm_direct,False
krakow,lgbm_direct,nas_gru,-1.4337928503259025,0.15256408309219305,-1.4876854551089747,lgbm_direct,False
krakow,chronos,chronos_cov,0.7471935032791768,0.45547088096819266,1.1629960419960863,chronos_cov,False
krakow,chronos,nas_gru,1.1772876056144677,0.23991647639155106,1.9860451006889346,nas_gru,False
krakow,chronos_cov,nas_gru,0.4760386073075094,0.634357171851013,0.8230490586928477,nas_gru,False
lagos,seasonal_naive,lgbm_direct,2.1595788718352447,0.03151448895241278,1.0862301703420871,lgbm_direct,True
lagos,seasonal_naive,chronos,2.6308099086312655,0.008911715878105289,1.3057634631792705,chronos,True
lagos,seasonal_naive,chronos_cov,2.604235995106249,0.009618015526088156,1.096789714833958,chronos_cov,True
lagos,seasonal_naive,nas_gru,-0.4405987142541939,0.6597877074646952,-0.24251731974737994,seasonal_naive,False
lagos,lgbm_direct,chronos,0.7404682649240654,0.459534564366193,0.21953329283718315,chronos,False
lagos,lgbm_direct,chronos_cov,0.03448848007248103,0.9725081686465453,0.010559544491870868,chronos_cov,False
lagos,lgbm_direct,nas_gru,-3.747582303483585,0.000210214258938344,-1.3287474900894671,lgbm_direct,True
lagos,chronos,chronos_cov,-0.5557381647081197,0.578760813809829,-0.2089737483453123,chronos,False
lagos,chronos,nas_gru,-4.2703114695922695,2.5455588577724068e-05,-1.54828078292665,chronos,True
lagos,chronos_cov,nas_gru,-3.307934012993056,0.0010419490263775916,-1.3393070345813378,chronos_cov,True
lahore,seasonal_naive,lgbm_direct,3.64419215869027,0.0003107756845412114,31.128836286192794,lgbm_direct,True
lahore,seasonal_naive,chronos,3.5779343640169032,0.0003973964816827401,27.79973572776431,chronos,True
lahore,seasonal_naive,chronos_cov,2.6732452356629213,0.007879946730845074,26.3758350486858,chronos_cov,True
lahore,seasonal_naive,nas_gru,2.7341217257067267,0.006587144363018673,26.906280001004536,nas_gru,True
lahore,lgbm_direct,chronos,-0.8927984010044009,0.3726060191677829,-3.3291005584284816,lgbm_direct,False
lahore,lgbm_direct,chronos_cov,-1.3096704912011867,0.191204773478008,-4.753001237506994,lgbm_direct,False
lahore,lgbm_direct,nas_gru,-0.9365962282211809,0.3496409875271471,-4.222556285188256,lgbm_direct,False
lahore,chronos,chronos_cov,-0.30908919125944284,0.7574458243462854,-1.4239006790785123,chronos,False
lahore,chronos,nas_gru,-0.16734132998658527,0.8672024545456922,-0.8934557267597744,chronos,False
lahore,chronos_cov,nas_gru,0.11758605156498045,0.9064661248802697,0.5304449523187383,nas_gru,False
lima,seasonal_naive,lgbm_direct,5.522169642840026,6.725970171695605e-08,5.76013972188396,lgbm_direct,True
lima,seasonal_naive,chronos,4.709183502780513,3.648082859963989e-06,4.298919411659241,chronos,True
lima,seasonal_naive,chronos_cov,5.286863778872868,2.2491912973734567e-07,5.344709707640585,chronos_cov,True
lima,seasonal_naive,nas_gru,4.6761839713897375,4.244307523657402e-06,5.41628399095081,nas_gru,True
lima,lgbm_direct,chronos,-2.315279430844895,0.021201389231823853,-1.4612203102247183,lgbm_direct,True
lima,lgbm_direct,chronos_cov,-1.1943496805364662,0.23318617629435534,-0.415430014243375,lgbm_direct,False
lima,lgbm_direct,nas_gru,-0.5677446694294839,0.5705886506912257,-0.3438557309331478,lgbm_direct,False
lima,chronos,chronos_cov,2.1728401330646956,0.030492828109159723,1.0457902959813434,chronos_cov,True
lima,chronos,nas_gru,1.7139635091716805,0.08746042178597299,1.1173645792915705,nas_gru,False
lima,chronos_cov,nas_gru,0.1405228012951248,0.888331392649613,0.07157428331022715,nas_gru,False
los_angeles,seasonal_naive,lgbm_direct,1.8259927319141287,0.06874136156116127,0.7404522256662166,lgbm_direct,False
los_angeles,seasonal_naive,chronos,1.7621040743347711,0.07896369182033879,0.8368824044863382,chronos,False
los_angeles,seasonal_naive,chronos_cov,1.6436117186652663,0.1011945728370897,0.7644827138573956,chronos_cov,False
los_angeles,seasonal_naive,nas_gru,-0.5737603806673349,0.5665149579304212,-0.2903279386815572,seasonal_naive,False
los_angeles,lgbm_direct,chronos,0.24593707754116828,0.8058815533880556,0.09643017882012173,chronos,False
los_angeles,lgbm_direct,chronos_cov,0.0603698870615612,0.9518970397662617,0.024030488191179214,chronos_cov,False
los_angeles,lgbm_direct,nas_gru,-3.1146247946683054,0.0020007424146248768,-1.0307801643477734,lgbm_direct,True
los_angeles,chronos,chronos_cov,-0.33465351248944386,0.7380959015993558,-0.07239969062894253,chronos,False
los_angeles,chronos,nas_gru,-2.529255451550528,0.011888754274165778,-1.1272103431678953,chronos,True
los_angeles,chronos_cov,nas_gru,-2.21575194406515,0.027380312680089083,-1.054810652538953,chronos_cov,True
madrid,seasonal_naive,lgbm_direct,2.5097481548906173,0.012552869126600152,1.8197920772909644,lgbm_direct,True
madrid,seasonal_naive,chronos,1.1703510458436084,0.24269162364140037,0.9025328231197501,chronos,False
madrid,seasonal_naive,chronos_cov,2.8419066367520354,0.004759218292508601,1.624181192066015,chronos_cov,True
madrid,seasonal_naive,nas_gru,4.109168694462851,4.99755331629296e-05,1.9661395267322896,nas_gru,True
madrid,lgbm_direct,chronos,-1.761631111673652,0.07904376374085971,-0.917259254171214,lgbm_direct,False
madrid,lgbm_direct,chronos_cov,-0.43388959269057614,0.66464790783724,-0.1956108852249493,lgbm_direct,False
madrid,lgbm_direct,nas_gru,0.36529885962082115,0.7151188585742765,0.14634744944132555,nas_gru,False
madrid,chronos,chronos_cov,1.7455758092125595,0.0818014898303369,0.7216483689462646,chronos_cov,False
madrid,chronos,nas_gru,2.2139163995830837,0.027507585159016936,1.0636067036125394,nas_gru,True
madrid,chronos_cov,nas_gru,1.1987416803726598,0.23147568668937477,0.34195833466627484,nas_gru,False
manila,seasonal_naive,lgbm_direct,4.008623500333261,7.532131677753333e-05,8.642806795335199,lgbm_direct,True
manila,seasonal_naive,chronos,2.4120420702616836,0.01640054057656031,5.994950306415559,chronos,True
manila,seasonal_naive,chronos_cov,2.926284501962294,0.0036646272609785757,6.590740868738733,chronos_cov,True
manila,seasonal_naive,nas_gru,2.5273986012547165,0.011950593800075252,6.666203026544482,nas_gru,True
manila,lgbm_direct,chronos,-2.269602497435286,0.02386688444943027,-2.64785648891964,lgbm_direct,True
manila,lgbm_direct,chronos_cov,-2.329379201525659,0.020433000359027537,-2.0520659265964647,lgbm_direct,True
manila,lgbm_direct,nas_gru,-1.9365335121997627,0.053643125414020304,-1.9766037687907176,lgbm_direct,False
manila,chronos,chronos_cov,1.3126759242100847,0.19019074045531545,0.5957905623231752,chronos_cov,False
manila,chronos,nas_gru,0.7271172260278823,0.46766195894138207,0.6712527201289221,nas_gru,False
manila,chronos_cov,nas_gru,0.07900478425189418,0.9370759883695126,0.07546215780574705,nas_gru,False
mexico_city,seasonal_naive,lgbm_direct,3.4053208588084196,0.0007411667170305948,3.66189119616042,lgbm_direct,True
mexico_city,seasonal_naive,chronos,4.876733492045446,1.6694562265878835e-06,5.07998708197133,chronos,True
mexico_city,seasonal_naive,chronos_cov,5.213469464549696,3.2500154004795275e-07,5.275249763345024,chronos_cov,True
mexico_city,seasonal_naive,nas_gru,2.1802889071276557,0.02993159841668646,1.9840523641793268,nas_gru,True
mexico_city,lgbm_direct,chronos,1.9737036555011076,0.04923683410929894,1.4180958858109098,chronos,True
mexico_city,lgbm_direct,chronos_cov,2.556870434574193,0.011002134591269629,1.6133585671846042,chronos_cov,True
mexico_city,lgbm_direct,nas_gru,-2.4754933365776686,0.01379922922141424,-1.6778388319810935,lgbm_direct,True
mexico_city,chronos,chronos_cov,0.5982786249396046,0.5500583072007121,0.1952626813736946,chronos_cov,False
mexico_city,chronos,nas_gru,-3.0546312201184516,0.0024340791997417613,-3.095934717792003,chronos,True
mexico_city,chronos_cov,nas_gru,-3.8363497468783296,0.00014921812953605905,-3.2911973991656978,chronos_cov,True
mumbai,seasonal_naive,lgbm_direct,3.6099026530014995,0.0003531053061116032,14.548371347337579,lgbm_direct,True
mumbai,seasonal_naive,chronos,4.676501814096508,4.2381409989244365e-06,19.613512323016213,chronos,True
mumbai,seasonal_naive,chronos_cov,3.738545335124174,0.00021759860058035788,15.65107673913989,chronos_cov,True
mumbai,seasonal_naive,nas_gru,1.6268635999465295,0.10470626956265089,8.831195717766171,nas_gru,False
mumbai,lgbm_direct,chronos,5.664906683961203,3.170378384239469e-08,5.065140975678634,chronos,True
mumbai,lgbm_direct,chronos_cov,0.5655566450881431,0.5720737960443221,1.1027053918023118,chronos_cov,False
mumbai,lgbm_direct,nas_gru,-1.3329801443715408,0.1834441360279049,-5.717175629571406,lgbm_direct,False
mumbai,chronos,chronos_cov,-2.0810244041908708,0.03819091708766293,-3.9624355838763217,chronos,True
mumbai,chronos,nas_gru,-2.712656508714634,0.007019329120583611,-10.78231660525004,chronos,True
mumbai,chronos_cov,nas_gru,-2.2585897554459975,0.024551628089941352,-6.819881021373719,chronos_cov,True
nairobi,seasonal_naive,lgbm_direct,4.141656064072338,4.3694567342834136e-05,2.10610620397297,lgbm_direct,True
nairobi,seasonal_naive,chronos,3.8657052720245053,0.00013303872701727934,1.9934455629379029,chronos,True
nairobi,seasonal_naive,chronos_cov,2.585344092126727,0.01015020534756279,1.4914729551034993,chronos_cov,True
nairobi,seasonal_naive,nas_gru,2.8121201076947293,0.005211657434426155,1.7139873268112302,nas_gru,True
nairobi,lgbm_direct,chronos,-0.6676085679512228,0.5048431242001306,-0.11266064103506704,lgbm_direct,False
nairobi,lgbm_direct,chronos_cov,-1.5623997339803213,0.11913799259870374,-0.6146332488694707,lgbm_direct,False
nairobi,lgbm_direct,nas_gru,-1.5544073758426165,0.12103146039859403,-0.3921188771617397,lgbm_direct,False
nairobi,chronos,chronos_cov,-1.456585605726638,0.1461674163273963,-0.5019726078344038,chronos,False
nairobi,chronos,nas_gru,-1.5724744026791815,0.11678451893622621,-0.27945823612667264,chronos,False
nairobi,chronos_cov,nas_gru,0.5550593547340236,0.5792244872353915,0.22251437170773103,nas_gru,False
new_york,seasonal_naive,lgbm_direct,1.8375775581844493,0.0670101586142924,1.2018834955548268,lgbm_direct,False
new_york,seasonal_naive,chronos,1.8790092229678943,0.06111126204377759,1.1030761334158126,chronos,False
new_york,seasonal_naive,chronos_cov,1.9217931220996254,0.05547984099705085,1.2158851872690473,chronos_cov,False
new_york,seasonal_naive,nas_gru,0.9781129256426039,0.32872427989370234,0.774914756984938,nas_gru,False
new_york,lgbm_direct,chronos,-0.2995923712716853,0.7646738974679255,-0.09880736213901427,lgbm_direct,False
new_york,lgbm_direct,chronos_cov,0.04435224666897659,0.9646500507566719,0.014001691714220329,chronos_cov,False
new_york,lgbm_direct,nas_gru,-1.8139174435863952,0.07058498602321865,-0.426968738569889,lgbm_direct,False
new_york,chronos,chronos_cov,0.6288761771017277,0.5298586905417503,0.11280905385323459,chronos_cov,False
new_york,chronos,nas_gru,-0.7821302346757182,0.4346905021789048,-0.32816137643087473,chronos,False
new_york,chronos_cov,nas_gru,-1.2142208918491908,0.22551863816282,-0.44097043028410937,chronos_cov,False
paris,seasonal_naive,lgbm_direct,2.581735265051635,0.010254812579735005,1.2481664823472074,lgbm_direct,True
paris,seasonal_naive,chronos,1.2169336501715398,0.22448608092936886,0.5838248953883871,chronos,False
paris,seasonal_naive,chronos_cov,0.16940472291148764,0.865580555948388,0.13438213669888158,chronos_cov,False
paris,seasonal_naive,nas_gru,0.4441772343084887,0.6572012367968378,0.4291579781494706,nas_gru,False
paris,lgbm_direct,chronos,-2.3378024200292047,0.019985699826466446,-0.6643415869588203,lgbm_direct,True
paris,lgbm_direct,chronos_cov,-2.08517309791567,0.03781027479760484,-1.1137843456483258,lgbm_direct,True
paris,lgbm_direct,nas_gru,-1.3334948642204432,0.18327545194658945,-0.8190085041977371,lgbm_direct,False
paris,chronos,chronos_cov,-1.048108754885416,0.29534408246620786,-0.4494427586895055,chronos,False
paris,chronos,nas_gru,-0.25462412363202014,0.7991696562708185,-0.15466691723891673,chronos,False
paris,chronos_cov,nas_gru,0.4984067539884888,0.6185244422430471,0.2947758414505889,nas_gru,False
santiago,seasonal_naive,lgbm_direct,3.3213475980842397,0.000994665600553875,1.5281855457463163,lgbm_direct,True
santiago,seasonal_naive,chronos,4.623732243150781,5.389368311168261e-06,1.6804866348777263,chronos,True
santiago,seasonal_naive,chronos_cov,2.870643000825051,0.004356872224207075,1.189620038851963,chronos_cov,True
santiago,seasonal_naive,nas_gru,3.578694501437986,0.00039628537053183245,1.4569631015334576,nas_gru,True
santiago,lgbm_direct,chronos,0.463565606643832,0.6432600419048486,0.15230108913140988,chronos,False
santiago,lgbm_direct,chronos_cov,-1.0058104354450483,0.31523270724682034,-0.33856550689435344,lgbm_direct,False
santiago,lgbm_direct,nas_gru,-0.3403569005537592,0.7338010955995312,-0.0712224442128589,lgbm_direct,False
santiago,chronos,chronos_cov,-1.2702759287165133,0.2048678920911341,-0.4908665960257633,chronos,False
santiago,chronos,nas_gru,-0.9947619012889672,0.32057005279120404,-0.22352353334426878,chronos,False
santiago,chronos_cov,nas_gru,0.8115305245847739,0.4176372949968805,0.26734306268149455,nas_gru,False
seoul,seasonal_naive,lgbm_direct,6.316557356024644,8.506140637920412e-10,4.291698498993405,lgbm_direct,True
seoul,seasonal_naive,chronos,6.723389313876061,7.667501251139132e-11,4.307757542814526,chronos,True
seoul,seasonal_naive,chronos_cov,6.465480467027258,3.5705132973311664e-10,4.158133454202505,chronos_cov,True
seoul,seasonal_naive,nas_gru,5.465966212864257,9.007326572326505e-08,3.873594052450998,nas_gru,True
seoul,lgbm_direct,chronos,0.09707178541702925,0.9227274355721722,0.016059043821122332,chronos,False
seoul,lgbm_direct,chronos_cov,-0.5711622744141749,0.5682726123972344,-0.1335650447908996,lgbm_direct,False
seoul,lgbm_direct,nas_gru,-2.1179978938228614,0.03491132500708929,-0.41810444654240736,lgbm_direct,True
seoul,chronos,chronos_cov,-0.6604159454216862,0.5094407875097261,-0.14962408861202195,chronos,False
seoul,chronos,nas_gru,-1.7548059572069739,0.08020665623403703,-0.4341634903635298,chronos,False
seoul,chronos_cov,nas_gru,-1.2733041343371936,0.20379297266633445,-0.2845394017515078,chronos_cov,False
sydney,seasonal_naive,lgbm_direct,1.7845741892847111,0.07523525131600356,0.5136319675369952,lgbm_direct,False
sydney,seasonal_naive,chronos,2.807784292572644,0.005280676020629762,0.796468746562123,chronos,True
sydney,seasonal_naive,chronos_cov,0.9885963107915108,0.3235741804511083,0.34810348005247516,chronos_cov,False
sydney,seasonal_naive,nas_gru,1.7183827234393405,0.08665076115065562,0.5653212151235464,nas_gru,False
sydney,lgbm_direct,chronos,1.5976490466981177,0.11106387986732513,0.2828367790251278,chronos,False
sydney,lgbm_direct,chronos_cov,-0.723616182147069,0.4698063734879885,-0.16552848748452004,lgbm_direct,False
sydney,lgbm_direct,nas_gru,0.2936320092613747,0.7692209413777801,0.05168924758655122,nas_gru,False
sydney,chronos,chronos_cov,-1.9338331056625355,0.05397573981715989,-0.4483652665096479,chronos,False
sydney,chronos,nas_gru,-1.3818188823959048,0.16794808268099423,-0.23114753143857664,chronos,False
sydney,chronos_cov,nas_gru,0.7856118781337436,0.4326501858317928,0.2172177350710712,nas_gru,False
toronto,seasonal_naive,lgbm_direct,1.8101850743268553,0.07116300929986118,1.154415839632316,lgbm_direct,False
toronto,seasonal_naive,chronos,2.3538499558269854,0.019157232515716292,1.4897998937268375,chronos,True
toronto,seasonal_naive,chronos_cov,1.6483309338636536,0.10022226567170897,1.0185881069606828,chronos_cov,False
toronto,seasonal_naive,nas_gru,1.9956064157718658,0.046786195251438845,1.3441845146166225,nas_gru,True
toronto,lgbm_direct,chronos,1.7612367656576906,0.0791105766771185,0.33538405409452143,chronos,False
toronto,lgbm_direct,chronos_cov,-0.6215811551448625,0.5346400677486358,-0.1358277326716332,lgbm_direct,False
toronto,lgbm_direct,nas_gru,1.2034596719937838,0.2296482309155111,0.18976867498430627,nas_gru,False
toronto,chronos,chronos_cov,-3.135690715734029,0.0018662934292986836,-0.4712117867661546,chronos,True
toronto,chronos,nas_gru,-1.1482364583203608,0.25169021828778215,-0.1456153791102152,chronos,False
toronto,chronos_cov,nas_gru,1.8540451087426504,0.06461148427765499,0.32559640765593945,nas_gru,False
vienna,seasonal_naive,lgbm_direct,4.010462318512032,7.476387292281409e-05,2.393554188197305,lgbm_direct,True
vienna,seasonal_naive,chronos,3.4054580774432557,0.0007408069194329478,2.420104846670514,chronos,True
vienna,seasonal_naive,chronos_cov,3.123834471525687,0.001940901060657204,2.2051126476860006,chronos_cov,True
vienna,seasonal_naive,nas_gru,3.0170481361627473,0.002747878091489889,2.236752131212325,nas_gru,True
vienna,lgbm_direct,chronos,0.12145344501126128,0.9034047048742513,0.026550658473208963,chronos,False
vienna,lgbm_direct,chronos_cov,-0.5755403510861176,0.5653122973977117,-0.18844154051130463,lgbm_direct,False
vienna,lgbm_direct,nas_gru,-0.6791621655858332,0.49750407516110895,-0.1568020569849798,lgbm_direct,False
vienna,chronos,chronos_cov,-0.7830923121638661,0.4341261471979976,-0.21499219898451358,chronos,False
vienna,chronos,nas_gru,-1.2412241710290643,0.2153913787572038,-0.1833527154581887,chronos,False
vienna,chronos_cov,nas_gru,0.10095559425629712,0.9196461044949407,0.031639483526324855,nas_gru,False
