city,tier,model,q,coverage,width
accra,scarce,seasonal_naive,54.0,1.0,108.0
accra,scarce,lgbm_direct,18.704147407871783,0.9642857142857143,37.40829481574357
accra,scarce,chronos,20.065553665161133,0.9464285714285714,40.131107330322266
accra,scarce,chronos_cov,21.18172671739896,0.9523809523809523,42.36345343479792
accra,scarce,nas_gru,22.69988441467285,0.9821428571428571,45.3997688293457
addis_ababa,scarce,seasonal_naive,35.0,0.9166666666666666,70.0
addis_ababa,scarce,lgbm_direct,26.437359800206643,0.9285714285714286,52.874719600413286
addis_ababa,scarce,chronos,29.59551239013672,0.9583333333333334,59.19102478027344
addis_ababa,scarce,chronos_cov,25.94315572350491,0.9404761904761905,51.88631144700982
addis_ababa,scarce,nas_gru,26.227352142333984,0.8988095238095238,52.45470428466797
amsterdam,rich,seasonal_naive,18.8,0.9583333333333334,37.6
amsterdam,rich,lgbm_direct,12.737501297047226,1.0,25.475002594094452
amsterdam,rich,chronos,15.358907413482665,1.0,30.71781482696533
amsterdam,rich,chronos_cov,12.548327301319592,1.0,25.096654602639184
amsterdam,rich,nas_gru,8.636765670776366,1.0,17.273531341552733
bangkok,rich,seasonal_naive,9.5,0.7738095238095238,19.0
bangkok,rich,lgbm_direct,14.419089263430799,1.0,28.838178526861597
bangkok,rich,chronos,12.392483520507813,1.0,24.784967041015626
bangkok,rich,chronos_cov,20.545758864024442,1.0,41.091517728048885
bangkok,rich,nas_gru,13.177754211425782,1.0,26.355508422851564
berlin,rich,seasonal_naive,10.51,0.9107142857142857,21.02
berlin,rich,lgbm_direct,6.45297041986205,0.9761904761904762,12.9059408397241
berlin,rich,chronos,9.89944076538086,1.0,19.79888153076172
berlin,rich,chronos_cov,12.272679160039411,1.0,24.545358320078822
berlin,rich,nas_gru,10.304716110229492,0.9583333333333334,20.609432220458984
bogota,scarce,seasonal_naive,22.0,0.9642857142857143,44.0
bogota,scarce,lgbm_direct,14.923500083599437,0.9404761904761905,29.847000167198875
bogota,scarce,chronos,17.992748260498047,0.9226190476190477,35.985496520996094
bogota,scarce,chronos_cov,16.66506949018038,0.9583333333333334,33.33013898036076
bogota,scarce,nas_gru,15.916806697845459,0.9404761904761905,31.833613395690918
delhi,scarce,seasonal_naive,194.3684210526316,0.8869047619047619,388.7368421052632
delhi,scarce,lgbm_direct,188.01261674855294,0.9642857142857143,376.0252334971059
delhi,scarce,chronos,155.78953552246094,0.9226190476190477,311.5790710449219
delhi,scarce,chronos_cov,154.98735408687872,0.9226190476190477,309.97470817375745
delhi,scarce,nas_gru,143.1645965576172,0.8928571428571429,286.3291931152344
dhaka,scarce,seasonal_naive,145.0,0.9345238095238095,290.0
dhaka,scarce,lgbm_direct,78.71027702989755,0.9226190476190477,157.4205540597951
dhaka,scarce,chronos,77.2939682006836,0.9226190476190477,154.5879364013672
dhaka,scarce,chronos_cov,76.39559617622368,0.8988095238095238,152.79119235244735
dhaka,scarce,nas_gru,80.66849517822266,0.9345238095238095,161.3369903564453
hanoi,scarce,seasonal_naive,26.0,0.7261904761904762,52.0
hanoi,scarce,lgbm_direct,12.786006026515196,0.6666666666666666,25.57201205303039
hanoi,scarce,chronos,13.118986129760742,0.7261904761904762,26.237972259521484
hanoi,scarce,chronos_cov,26.10565787363592,0.9107142857142857,52.21131574727184
hanoi,scarce,nas_gru,14.192266464233398,0.7083333333333334,28.384532928466797
jakarta,scarce,seasonal_naive,45.0,0.9523809523809523,90.0
jakarta,scarce,lgbm_direct,30.811606932552664,0.9821428571428571,61.62321386510533
jakarta,scarce,chronos,35.51665496826172,0.9642857142857143,71.03330993652344
jakarta,scarce,chronos_cov,32.53317571212155,0.9583333333333334,65.0663514242431
jakarta,scarce,nas_gru,30.81464385986328,0.9821428571428571,61.62928771972656
kampala,scarce,seasonal_naive,60.0,0.9047619047619048,120.0
kampala,scarce,lgbm_direct,36.15732493839175,0.8452380952380952,72.3146498767835
kampala,scarce,chronos,42.73895263671875,0.9285714285714286,85.4779052734375
kampala,scarce,chronos_cov,36.667564652112524,0.8928571428571429,73.33512930422505
kampala,scarce,nas_gru,45.58180236816406,0.9404761904761905,91.16360473632812
karachi,scarce,seasonal_naive,21.0,0.9464285714285714,42.0
karachi,scarce,lgbm_direct,18.884631395864055,0.9761904761904762,37.76926279172811
karachi,scarce,chronos,14.263833999633789,0.9285714285714286,28.527667999267578
karachi,scarce,chronos_cov,21.715288139085253,0.9880952380952381,43.430576278170506
karachi,scarce,nas_gru,19.56215476989746,0.9880952380952381,39.12430953979492
krakow,rich,seasonal_naive,78.39999999999999,1.0,156.79999999999998
krakow,rich,lgbm_direct,24.489716334270128,0.9464285714285714,48.979432668540255
krakow,rich,chronos,36.47276153564453,0.9464285714285714,72.94552307128906
krakow,rich,chronos_cov,29.865079057849933,0.9464285714285714,59.730158115699865
krakow,rich,nas_gru,33.90881576538086,0.9642857142857143,67.81763153076172
lagos,scarce,seasonal_naive,15.7,0.9285714285714286,31.4
lagos,scarce,lgbm_direct,11.586671827810914,0.9285714285714286,23.173343655621828
lagos,scarce,chronos,12.566339874267577,0.9107142857142857,25.132679748535153
lagos,scarce,chronos_cov,10.472179691672322,0.9226190476190477,20.944359383344644
lagos,scarce,nas_gru,10.08551025390625,0.8809523809523809,20.1710205078125
lahore,scarce,seasonal_naive,208.0,0.9404761904761905,416.0
lahore,scarce,lgbm_direct,142.01959348699603,0.9761904761904762,284.03918697399206
lahore,scarce,chronos,181.01296997070312,1.0,362.02593994140625
lahore,scarce,chronos_cov,150.55229448841078,1.0,301.10458897682156
lahore,scarce,nas_gru,188.2372589111328,0.9880952380952381,376.4745178222656
lima,scarce,seasonal_naive,34.400000000000006,0.9642857142857143,68.80000000000001
lima,scarce,lgbm_direct,25.551268028912155,0.9583333333333334,51.10253605782431
lima,scarce,chronos,30.70961990356446,0.9821428571428571,61.41923980712892
lima,scarce,chronos_cov,24.560494978579662,0.9642857142857143,49.120989957159324
lima,scarce,nas_gru,26.206530761718753,0.9642857142857143,52.413061523437506
los_angeles,rich,seasonal_naive,9.7,0.8690476190476191,19.4
los_angeles,rich,lgbm_direct,8.30234563046941,0.9166666666666666,16.60469126093882
los_angeles,rich,chronos,8.904374504089354,0.9464285714285714,17.808749008178708
los_angeles,rich,chronos_cov,7.4559108249777655,0.875,14.911821649955531
los_angeles,rich,nas_gru,11.755176544189453,0.9702380952380952,23.510353088378906
madrid,rich,seasonal_naive,15.0,0.9821428571428571,30.0
madrid,rich,lgbm_direct,10.812735638933965,0.9940476190476191,21.62547127786793
madrid,rich,chronos,8.946325302124023,0.9107142857142857,17.892650604248047
madrid,rich,chronos_cov,8.361784591012578,0.9642857142857143,16.723569182025155
madrid,rich,nas_gru,9.807441393534344,0.9821428571428571,19.614882787068687
manila,scarce,seasonal_naive,60.6,0.9880952380952381,121.2
manila,scarce,lgbm_direct,28.800995547883588,0.9285714285714286,57.601991095767175
manila,scarce,chronos,41.40486450195313,0.9642857142857143,82.80972900390626
manila,scarce,chronos_cov,38.40126769451307,0.9464285714285714,76.80253538902615
manila,scarce,nas_gru,37.9398078918457,0.9285714285714286,75.8796157836914
mexico_city,rich,seasonal_naive,31.0,0.9702380952380952,62.0
mexico_city,rich,lgbm_direct,24.705938846553288,0.9761904761904762,49.411877693106575
mexico_city,rich,chronos,23.374853134155273,0.9821428571428571,46.74970626831055
mexico_city,rich,chronos_cov,19.34738432539291,0.9821428571428571,38.69476865078582
mexico_city,rich,nas_gru,24.338449478149414,0.9583333333333334,48.67689895629883
mumbai,scarce,seasonal_naive,83.0,0.9880952380952381,166.0
mumbai,scarce,lgbm_direct,69.83950364818078,0.9761904761904762,139.67900729636156
mumbai,scarce,chronos,52.71397399902344,0.9404761904761905,105.42794799804688
mumbai,scarce,chronos_cov,61.54241707224638,0.9642857142857143,123.08483414449276
mumbai,scarce,nas_gru,80.01681518554688,0.9523809523809523,160.03363037109375
nairobi,scarce,seasonal_naive,21.0,0.9702380952380952,42.0
nairobi,scarce,lgbm_direct,11.411667819832562,0.9523809523809523,22.823335639665125
nairobi,scarce,chronos,12.79661750793457,0.9583333333333334,25.59323501586914
nairobi,scarce,chronos_cov,13.212883887735643,0.9642857142857143,26.425767775471286
nairobi,scarce,nas_gru,13.390567779541016,0.9523809523809523,26.78113555908203
new_york,rich,seasonal_naive,9.6,0.9702380952380952,19.2
new_york,rich,lgbm_direct,5.036351101159456,0.9047619047619048,10.072702202318911
new_york,rich,chronos,5.4818933486938475,0.9345238095238095,10.963786697387695
new_york,rich,chronos_cov,4.768251508391385,0.9047619047619048,9.53650301678277
new_york,rich,nas_gru,6.824214935302734,0.9464285714285714,13.648429870605469
paris,rich,seasonal_naive,9.3,0.8154761904761905,18.6
paris,rich,lgbm_direct,8.891509549906203,0.8869047619047619,17.783019099812407
paris,rich,chronos,10.112474211331072,0.8809523809523809,20.224948422662145
paris,rich,chronos_cov,10.010536600888571,0.7976190476190477,20.021073201777142
paris,rich,nas_gru,8.913127326965332,0.7321428571428571,17.826254653930665
santiago,rich,seasonal_naive,16.0,0.9761904761904762,32.0
santiago,rich,lgbm_direct,10.745867080021148,0.9702380952380952,21.491734160042295
santiago,rich,chronos,11.763236045837402,0.9642857142857143,23.526472091674805
santiago,rich,chronos_cov,11.908640362516573,0.9523809523809523,23.817280725033147
santiago,rich,nas_gru,9.669276237487793,0.9523809523809523,19.338552474975586
seoul,rich,seasonal_naive,19.0,0.9940476190476191,38.0
seoul,rich,lgbm_direct,11.082588128575003,0.9761904761904762,22.165176257150005
seoul,rich,chronos,10.743666648864746,0.9702380952380952,21.487333297729492
seoul,rich,chronos_cov,10.475569005829577,0.9821428571428571,20.951138011659154
seoul,rich,nas_gru,11.548051834106445,0.9702380952380952,23.09610366821289
sydney,rich,seasonal_naive,7.8,0.9880952380952381,15.6
sydney,rich,lgbm_direct,4.783750031094869,0.875,9.567500062189739
sydney,rich,chronos,4.256036186218262,0.9404761904761905,8.512072372436524
sydney,rich,chronos_cov,4.080052137033156,0.7321428571428571,8.160104274066311
sydney,rich,nas_gru,4.885143995285034,0.9166666666666666,9.770287990570068
toronto,rich,seasonal_naive,13.0,1.0,26.0
toronto,rich,lgbm_direct,6.454137430760662,0.9642857142857143,12.908274861521324
toronto,rich,chronos,6.109647750854492,0.9642857142857143,12.219295501708984
toronto,rich,chronos_cov,7.484283650567992,1.0,14.968567301135984
toronto,rich,nas_gru,5.706917572021484,0.9880952380952381,11.413835144042968
vienna,rich,seasonal_naive,11.209999999999999,0.9523809523809523,22.419999999999998
vienna,rich,lgbm_direct,4.727559894677276,0.9940476190476191,9.455119789354551
vienna,rich,chronos,6.89710350036621,1.0,13.79420700073242
vienna,rich,chronos_cov,7.638753357491725,1.0,15.27750671498345
vienna,rich,nas_gru,7.154807090759277,1.0,14.309614181518555
