city,tier,model,n_hours,MAE,RMSE,MASE,nRMSE,RMSE_pct_mean,usd_per_1k
accra,scarce,seasonal_naive,8160,7.75,12.257650672131264,0.9812658974255636,1.1577616425324404,68.7880630080632,4.634263893455716e-10
accra,scarce,lgbm_direct,8160,6.311963951365594,9.9321595364084,0.7991890285489761,0.938113970314922,55.73776201258026,2.159754398373345e-05
accra,scarce,nas_gru,8160,7.664655619197422,10.330691231336443,0.9704600225328576,0.9757561516808968,57.97426100204396,8.679635508694142e-07
accra,scarce,chronos,8160,5.612976107332441,10.065579502117956,0.710686714476105,0.9507157749166564,56.486494477980735,4.697473958306849e-05
accra,scarce,chronos_cov,8160,6.602101428018447,10.918189529866446,0.8359247719560149,1.0312466378502867,61.27121170306969,2.682909200403729e-05
addis_ababa,scarce,seasonal_naive,3610,19.53935185185185,24.20107703449641,2.534844532234148,1.6279535770496016,62.712886322970725,4.950223194976353e-10
addis_ababa,scarce,lgbm_direct,3610,12.426614113288116,15.9030911491852,1.6121074577131735,1.0697661961721294,41.21009763330338,1.855115836168705e-05
addis_ababa,scarce,nas_gru,3610,14.662945244047377,18.8274059868883,1.902227200786067,1.2664784661951587,48.78795145063732,4.266475571057526e-07
addis_ababa,scarce,chronos,3610,12.657773673534392,16.12700218336427,1.6420958397130807,1.084828202235459,41.79032417499468,2.552897569532636e-05
addis_ababa,scarce,chronos_cov,3610,12.875029874426655,16.04320216485742,1.6702805357614057,1.0791911580786808,41.573170986853846,3.091337325713539e-05
amsterdam,rich,seasonal_naive,11228,4.518740079365079,6.479121516273479,0.8137072952947317,4.417503386969963,163.23631785698458,5.766490984468773e-10
amsterdam,rich,lgbm_direct,11228,1.4105221846662066,1.7251281863443562,0.2539982764397513,1.176202605089692,43.46323375211479,1.9069703008982388e-05
amsterdam,rich,nas_gru,11228,3.651814646676735,4.194512266097893,0.657596623588612,2.8598432820923168,105.67740330290724,4.248246477800422e-07
amsterdam,rich,chronos,11228,1.3517225271463391,1.6841067571653212,0.2434099908901495,1.148233951950283,42.429731442334365,2.219182291608174e-05
amsterdam,rich,chronos_cov,11228,1.583843844461622,1.912896362027484,0.2852089892780824,1.3042240583009082,48.193903725235806,3.819683680679494e-05
bangkok,rich,seasonal_naive,18164,3.667013888888889,4.798104270547836,0.5227407046291355,2.040272748493918,48.42493797020524,6.661752431008844e-10
bangkok,rich,lgbm_direct,18164,1.6141124141483765,1.9182444441862971,0.2300951908797429,0.8156850380361372,19.359910286152704,2.4429958476907305e-05
bangkok,rich,nas_gru,18164,3.124871182441712,3.613784599380741,0.4454570975949624,1.5366706976965494,36.47217425783759,9.747135431502506e-07
bangkok,rich,chronos,18164,1.1384245011541578,1.4975052291700552,0.1622848573613428,0.6367763052914966,15.113593566056066,6.828570487313198e-05
bangkok,rich,chronos_cov,18164,4.8628239500682,5.97804055356332,0.6932059968052959,2.5420108741059373,60.33346227313696,4.29035833379506e-05
berlin,rich,seasonal_naive,19574,2.6047569444444445,3.309015098495004,0.5156625257593834,1.7531554700117589,52.64620555668528,6.319446583802344e-10
berlin,rich,lgbm_direct,19574,1.262583056849592,1.6852654279371109,0.2499529829317439,0.8928736241649138,26.81245854003657,2.067419152219237e-05
berlin,rich,nas_gru,19574,3.8891450391875377,4.643104448643208,0.7699322419427361,2.459971840466071,73.87147654164723,4.385451393318362e-07
berlin,rich,chronos,19574,1.2596134126186371,1.7150635252784123,0.2493650838388911,0.9086610097750932,27.28654424564177,2.2941564235831413e-05
berlin,rich,chronos_cov,19574,1.748507761155367,2.172174880666791,0.3461512715611811,1.150844030779775,34.559154875015096,3.1720208337194184e-05
bogota,scarce,seasonal_naive,5175,6.458333333333333,9.010881624698053,1.0482547333179533,0.988539882423534,60.747516570998094,7.056720716247112e-10
bogota,scarce,lgbm_direct,5175,5.061512567782938,7.079442933913088,0.8215361817176938,0.7766511621163451,47.72658157694216,2.113069765489315e-05
bogota,scarce,nas_gru,5175,5.549153639210595,7.427896157018242,0.9006854041100986,0.8148782660275024,50.07570442933645,1.0328767348255494e-06
bogota,scarce,chronos,5175,6.840785645776325,9.027183924079894,1.1103307250784844,0.9903283281922576,60.85741971289816,5.6924960060011165e-05
bogota,scarce,chronos_cov,5175,5.269004337886738,7.12756703736088,0.8552142560613062,0.7819306228334436,48.051013735017165,4.0907793412164513e-05
delhi,scarce,seasonal_naive,2518,96.14991201608848,127.10031880127175,1.5191151684764157,1.2958891476199574,56.08509010035526,4.50259247170632e-10
delhi,scarce,lgbm_direct,2518,59.40990290457691,80.67638334924067,0.9386434450917904,0.8225600898371808,35.59977088796798,3.118309059719751e-05
delhi,scarce,nas_gru,2518,74.61130665021065,96.28209118470396,1.1788171751339185,0.9816727310613528,42.4860441741922,6.39989575574873e-07
delhi,scarce,chronos,2518,77.42237368934175,109.75584633599566,1.2232304719243887,1.119048413852108,48.431558542506735,1.963203471152358e-05
delhi,scarce,chronos_cov,2518,74.267655332843,106.07566314432523,1.1733876753254036,1.0815260102553412,46.80761764418869,2.8367208328240345e-05
dhaka,scarce,seasonal_naive,9395,42.78819444444444,67.14418823613023,1.2422749843184746,1.2929544208781345,84.43965858261869,5.187204166119313e-10
dhaka,scarce,lgbm_direct,9395,35.32582842049037,51.49887853736091,1.0256191811056818,0.9916822948395873,64.76432041727409,2.07983923019802e-05
dhaka,scarce,nas_gru,9395,33.24831536081102,50.04095410606405,0.9653024854109028,0.9636079389158504,62.93085359829896,6.799600618655354e-07
dhaka,scarce,chronos,9395,29.43278569645352,51.04106460068774,0.8545257369292475,0.9828664528596456,64.18857955983611,5.057264236711489e-05
dhaka,scarce,chronos_cov,9395,31.31700866211024,51.12232317086547,0.9092306172240416,0.9844311992704002,64.29076928173117,3.910908507047376e-05
hanoi,scarce,seasonal_naive,6062,23.12847222222222,33.55578837759553,1.0658415020893008,1.3346521812265766,76.27519378648392,6.319446583802344e-10
hanoi,scarce,lgbm_direct,6062,14.919061738555817,24.840814253592363,0.6875229379788892,0.9880216955098388,56.46530785346961,1.876784947789592e-05
hanoi,scarce,nas_gru,6062,13.4122500816981,22.65442861983086,0.6180837469990454,0.9010601161165628,51.4954652131909,4.833281268980096e-07
hanoi,scarce,chronos,6062,14.010748823483786,24.95899190445484,0.6456646780616041,0.9927221083781336,56.73393582070239,2.1328744776635885e-05
hanoi,scarce,chronos_cov,6062,13.698141442437786,24.171893493874897,0.6312586283503683,0.9614159564052036,54.94479341938413,2.8791984378686826e-05
jakarta,scarce,seasonal_naive,7024,17.118055555555557,21.0428652940599,1.070844729797798,1.3049074174197328,43.07893947035294,4.581586128753972e-10
jakarta,scarce,lgbm_direct,7024,10.750394299998414,13.422777155496602,0.6725064679244741,0.832371505867313,27.479100233032565,2.1607178503203343e-05
jakarta,scarce,nas_gru,7024,11.546659310658772,14.013797960304975,0.7223179776149717,0.8690218109121081,28.68903762132381,3.9536632357339845e-07
jakarta,scarce,chronos,7024,13.214593940311008,16.861326497459803,0.826658041357239,1.0456023790772526,34.518496099434344,2.3162210058621386e-05
jakarta,scarce,chronos_cov,7024,12.550102185336904,15.664685890864604,0.7850897983112479,0.9713964578915804,32.068734266199925,3.3295244784312664e-05
kampala,scarce,seasonal_naive,2836,28.40581349206349,39.64447702181646,1.2466465116294487,1.3037179902959188,78.41850859819299,6.582758773961191e-10
kampala,scarce,lgbm_direct,2836,20.652769871761077,29.61433076808223,0.9063885293519328,0.9738742617710978,58.57844084280928,1.968896643426921e-05
kampala,scarce,nas_gru,2836,19.365648279644198,27.03386166071684,0.8499005979887362,0.8890149257071164,53.47416014383709,3.4877256540413425e-07
kampala,scarce,chronos,2836,18.369427537691024,28.309457367157083,0.806179438124196,0.930963191790062,55.99734421354383,2.848041145928922e-05
kampala,scarce,chronos_cov,2836,20.85279804045843,30.050477512108188,0.9151671696399098,0.9882170504597396,59.44115816854552,3.247291494315302e-05
karachi,scarce,seasonal_naive,5214,8.340277777777779,11.63345139492252,0.3842345908694251,1.335534001275446,50.93393131252182,6.214121707738808e-10
karachi,scarce,lgbm_direct,5214,5.712471844054368,7.853779133838224,0.2631722036526902,0.9016231482538832,34.38565507062038,2.24365397565028e-05
karachi,scarce,nas_gru,5214,5.959122445848253,8.501348015091905,0.2745353375426052,0.9759648229403532,37.2208608748323,7.475416714441963e-07
karachi,scarce,chronos,5214,5.140575706958771,7.978231085994769,0.2368250861930988,0.915910379788861,34.93053439900415,6.440230903839013e-05
karachi,scarce,chronos_cov,5214,6.795906023850964,8.697462809601321,0.3130857556829699,0.9984790336701792,38.07949664282731,3.3864651040858e-05
krakow,rich,seasonal_naive,9344,18.92731481481481,26.22443596241184,1.4573868181726937,1.7119403286990396,146.75346172868854,4.1603019511697947e-10
krakow,rich,lgbm_direct,9344,9.03692795606716,13.57917795952869,0.6958356115913445,0.886453474645497,75.98986593446905,1.9231849420352604e-05
krakow,rich,nas_gru,9344,11.981982429557377,14.713985897636894,0.9226022507294888,0.960534132752302,82.34031684800924,3.90809032574503e-07
krakow,rich,chronos,9344,12.024753567377726,17.679227389921603,0.9258955912306376,1.15410613186984,98.93397989105992,3.501476562430778e-05
krakow,rich,chronos_cov,9344,14.167624070225694,20.406880691674544,1.09089476065626,1.332168291020679,114.19808566636358,4.86065051973128e-05
lagos,scarce,seasonal_naive,3378,4.917361111111111,8.016819221617684,0.7075815477257785,0.9867206766206108,74.61362253832384,5.292529042182852e-10
lagos,scarce,lgbm_direct,3378,3.703023357661942,7.412145844904887,0.5328449425360783,0.9122966804057968,68.9858455058366,1.995265578465545e-05
lagos,scarce,nas_gru,3378,4.937280933062236,7.634120737826894,0.7104479018795847,0.939617642807715,71.05179590531752,6.540868061064329e-07
lagos,scarce,chronos,3378,3.811821064021853,7.793984783791967,0.548500341380229,0.9592939202989936,72.53967223798108,3.547101736835935e-05
lagos,scarce,chronos_cov,3378,3.83842225372427,6.634068870241742,0.5523281080533847,0.8165299407951192,61.74417769614858,3.913091144871335e-05
lahore,scarce,seasonal_naive,5563,64.53125,91.90581703704568,1.023065421528841,1.2853770543536538,67.68148539088973,5.134541728087543e-10
lahore,scarce,lgbm_direct,5563,41.944278426368086,54.17171910586805,0.6649761299989593,0.7576352289595242,39.89325739615936,2.306465303706352e-05
lahore,scarce,nas_gru,5563,43.05555274751451,59.73441073719165,0.6825940489420735,0.8354339626399652,43.98974709090518,8.909322847709216e-07
lahore,scarce,chronos,5563,41.10883405473497,55.45386740198433,0.651731163440451,0.7755671080640013,40.837459884861126,7.165167186738269e-05
lahore,scarce,chronos_cov,5563,53.72886459054294,65.08877484107101,0.8518065820914648,0.9103190676492294,47.932819766360986,4.22464583284131e-05
lima,scarce,seasonal_naive,5227,13.798083333333333,16.269777540649482,1.0021006296792558,1.4436130109020389,43.240337489452685,4.3709517032968706e-10
lima,scarce,lgbm_direct,5227,7.724956330008684,10.026566010104188,0.5610332548032485,0.8896545211322375,26.6476967527039,1.8500228907163948e-05
lima,scarce,nas_gru,5227,9.244132063123914,11.9086341362725,0.6713650249463154,1.056649922732064,31.64968653101104,5.672795183879012e-07
lima,scarce,chronos,5227,8.460173235999214,10.881045429352088,0.6144291726742531,0.9654722515278952,28.918654568430483,3.67791788135542e-05
lima,scarce,chronos_cov,5227,8.048266970347704,10.46763229931172,0.5845140374915978,0.92879021503951,27.819922688363064,3.764451735858327e-05
los_angeles,rich,seasonal_naive,8195,5.014833333333333,6.383069346151409,0.7262325902260974,1.3568821813294227,60.82879254921056,5.898147079548195e-10
los_angeles,rich,lgbm_direct,8195,3.745467060089307,4.845621632480208,0.5424069084360099,1.0300589409295793,46.17736343908332,1.9477720577368827e-05
los_angeles,rich,nas_gru,8195,4.526888755533431,5.33426032659967,0.6555699717364695,1.1339314043485362,50.83394793538544,4.6361631272399483e-07
los_angeles,rich,chronos,8195,3.762664545483059,4.663697431746431,0.5448973948655117,0.9913863693277848,44.44367877015706,2.097701909911444e-05
los_angeles,rich,chronos_cov,8195,4.124154554109645,4.988146823947071,0.5972472553405836,1.0603562606365244,47.53558702003213,3.5616085077789546e-05
madrid,rich,seasonal_naive,6431,4.1118191721132895,5.274966868929396,0.7553469145595372,2.188210791080699,151.46465186955794,6.424771459865885e-10
madrid,rich,lgbm_direct,6431,2.0144550099161083,2.4804034018917336,0.3700581938473462,1.0289439962595175,71.22195211812755,2.2789615015578115e-05
madrid,rich,nas_gru,6431,2.299693532343264,2.8286779852836696,0.4224569080928804,1.1734184963983296,81.22225919857397,1.0320868053289206e-06
madrid,rich,chronos,6431,3.756628236947236,4.906432186756749,0.6900978445671657,2.035331808433865,140.88259918105123,5.975048089668336e-05
madrid,rich,chronos_cov,6431,3.287097914381972,3.973739660154824,0.6038444696991414,1.648423624518602,114.10139801840371,3.0267999995380203e-05
manila,scarce,seasonal_naive,10992,20.106250000000003,24.834461663404568,1.6550352361278378,1.479680796613482,60.69728231661391,6.424771459865885e-10
manila,scarce,lgbm_direct,10992,11.075384929799968,14.60673281885822,0.9116643985078364,0.8702947680632528,35.69994782435901,2.0247947626541176e-05
manila,scarce,nas_gru,10992,11.258874985906813,16.102634659556976,0.9267682845301378,0.9594232242102368,39.35604384018814,3.0469445139008e-07
manila,scarce,chronos,10992,11.361699220869276,14.326193245352984,0.9352322065439777,0.8535797280824374,35.01428811790675,2.460196182154404e-05
manila,scarce,chronos_cov,10992,11.915959181180128,14.759116577773796,0.9808558193155922,0.8793740597684327,36.07238513186848,3.665710416498768e-05
mexico_city,rich,seasonal_naive,3371,11.517834382965962,14.03011652968748,1.0291818107731203,1.8481692968232344,98.86277132318884,4.2656268272333316e-10
mexico_city,rich,lgbm_direct,3371,8.766035055371239,11.551457231704712,0.7832934153776574,1.521658679315254,81.39697716203196,1.9074650608251465e-05
mexico_city,rich,nas_gru,3371,7.78482007997328,9.818510364253251,0.6956164640029037,1.2933798060305763,69.1858220009489,3.262170149456425e-07
mexico_city,rich,chronos,3371,6.080270675003019,8.230928274621458,0.5433056054830063,1.0842496489121085,57.99897513820552,3.866185069960516e-05
mexico_city,rich,chronos_cov,3371,6.370007525995495,8.189394627357112,0.5691951856798827,1.0787784747064897,57.70630960951768,2.6475166664062677e-05
nairobi,scarce,seasonal_naive,13576,6.858796296296296,9.064795899045826,1.0599886366979416,1.4698513386724514,41.2296465401958,4.792251207551021e-10
nairobi,scarce,lgbm_direct,13576,4.334424407013071,6.086630066340874,0.6698610688497975,0.9869434955459768,27.683977560110105,2.293087829807687e-05
nairobi,scarce,nas_gru,13576,4.361999869346619,6.119131018400295,0.6741227024459194,0.9922135058611234,27.83180248419591,6.618645935911142e-07
nairobi,scarce,chronos,13576,4.114511456754473,5.707195637029191,0.6358747513872555,0.9254184253653124,25.958186093878822,7.076365625733969e-05
nairobi,scarce,chronos_cov,13576,3.89195793192959,5.690141633121217,0.601480347882542,0.9226531286335352,25.880618925124928,2.992926562304395e-05
new_york,rich,seasonal_naive,13421,2.760416666666667,3.9866704988833312,0.6648404878090325,1.2693166034393732,51.65846772601455,6.66173710433887e-10
new_york,rich,lgbm_direct,13421,1.9976702538421025,2.870780275763237,0.4811346352468444,0.9140281520314272,37.19898854583876,2.1478193373106342e-05
new_york,rich,nas_gru,13421,2.681530717346403,3.4257204254985085,0.645840974561384,1.0907156275003462,44.38979045008416,3.198124876588635e-07
new_york,rich,chronos,13421,1.8584480977720683,2.7683997241679763,0.4476032748282748,0.8814311932294531,35.872362123655954,2.242525347355695e-05
new_york,rich,chronos_cov,13421,2.1681477571807104,2.913896988244616,0.5221937796320905,0.9277560884268894,37.75768616100285,4.023739756727688e-05
paris,rich,seasonal_naive,4457,6.185823754789272,8.468235019646167,1.3106245885882364,1.3154876795750687,95.39807102124377,4.5552702364080614e-10
paris,rich,lgbm_direct,4457,4.272489232901896,5.886393388610129,0.9052358529911714,0.9144146285364094,66.31258736239849,1.973987482381711e-05
paris,rich,nas_gru,4457,4.963513390223186,6.684347641468166,1.0516469516249702,1.0383718623713225,75.30186273197074,5.712291587971978e-07
paris,rich,chronos,4457,5.263000889619192,7.090309409422506,1.1151010195458857,1.1014354999396572,79.87518521078357,2.877919965107544e-05
paris,rich,chronos_cov,4457,6.221720289742732,8.277684002063765,1.3182301853882905,1.2858867632827602,93.25143722254506,3.21932430607477e-05
santiago,rich,seasonal_naive,16288,4.587291666666666,5.838171135449022,0.4141582196566867,1.2063023777465218,51.19175786297209,4.871244864598676e-10
santiago,rich,lgbm_direct,16288,3.5125899972208185,4.5254528940701,0.3171300465160875,0.9350641596217574,39.68124321790802,2.2874103355846917e-05
santiago,rich,nas_gru,16288,4.167227420541975,5.056464134568554,0.3762332144557754,1.0447834719135762,44.33739292908338,1.14018578036242e-06
santiago,rich,chronos,16288,3.547773450613022,4.689142458834504,0.3203065431239165,0.9688862430459024,41.11654827658204,5.324467361181935e-05
santiago,rich,chronos_cov,16288,3.897581240968366,5.138951544930246,0.3518885270488415,1.061827295560553,45.06068031480928,4.027095138755814e-05
seoul,rich,seasonal_naive,19827,6.929861111111112,8.446152513656774,0.7583229567409318,1.7275733058250289,75.92047203286988,5.555856559011671e-10
seoul,rich,lgbm_direct,19827,3.1910869260049397,4.12956850007231,0.349195234095738,0.8446606065620396,37.11971685458256,1.9573860388559464e-05
seoul,rich,nas_gru,19827,3.454786909951104,4.42342660886265,0.3780514764233031,0.9047662491757114,39.76113805719236,5.302499984180838e-07
seoul,rich,chronos,19827,2.992971075905694,3.761233485538585,0.3275157523838146,0.7693214817143356,33.80884031944796,2.8238279510333088e-05
seoul,rich,chronos_cov,19827,3.196507641949351,4.011407744702331,0.3497884138545687,0.8204920438415308,36.05759770518949,3.704348958813676e-05
sydney,rich,seasonal_naive,7277,2.761647435897436,3.500728375302035,0.5162561607499785,1.463574146553644,73.15805011584754,5.503178794309927e-10
sydney,rich,lgbm_direct,7277,2.4481170748844527,3.10252491554122,0.4576455001887696,1.297094423966238,64.8364137184015,2.319804861262701e-05
sydney,rich,nas_gru,7277,2.002622584442807,2.459187752906468,0.3743657620581368,1.0281299292078685,51.39198520533251,6.962326349619414e-07
sydney,rich,chronos,7277,2.053726840291268,2.443389908319949,0.3839190767135021,1.0215252131518542,51.06184262296686,5.67033055560589e-05
sydney,rich,chronos_cov,7277,2.6936891818628883,3.3055557308373795,0.5035521975781747,1.381976945648752,69.0793417516901,3.503289757948853e-05
toronto,rich,seasonal_naive,13518,3.3406001984126985,3.965538146804419,0.6855244137731471,1.6652114956024993,67.4486925309123,6.319446583802344e-10
toronto,rich,lgbm_direct,13518,2.6538860568335534,3.201389221684115,0.5446038362196114,1.3443295554078178,54.451504257789765,2.1901317043826836e-05
toronto,rich,nas_gru,13518,2.2988304479254618,2.848622504621704,0.4717428909711379,1.196195513880149,48.451397096178994,4.16086804762017e-07
toronto,rich,chronos,13518,2.1472724318188963,2.86767569550439,0.4406416774247095,1.2041963428499385,48.77546731464723,2.913458332841401e-05
toronto,rich,chronos_cov,13518,2.444785452341304,3.018830447294256,0.5016943107450363,1.2676693497855192,51.34641481297775,3.548518749489125e-05
vienna,rich,seasonal_naive,6241,2.7678472222222226,3.722969269716871,0.5285181237739764,3.9780098726801647,84.62562644955122,4.713257550503367e-10
vienna,rich,lgbm_direct,6241,0.8036489333429816,0.9880901044051964,0.1534560950522321,1.055778843621873,22.459960858138174,2.151722120859429e-05
vienna,rich,nas_gru,6241,1.069861799566834,1.3167422603537304,0.204289220324284,1.406945191320551,29.93044814025732,8.590312477786534e-07
vienna,rich,chronos,6241,0.8717501613828872,1.0639169111194142,0.1664599678749008,1.1368001370761451,24.18355580479959,5.7606317701962926e-05
vienna,rich,chronos_cov,6241,1.063186601041745,1.327851699677946,0.2030145967207939,1.4188156785875683,30.182973260451643,2.9991609366738385e-05
